RewardSize,AnimalResponse,ToneCloudDurSec,Pupil_1,Pupil_2,Pupil_3,Pupil_4,Pupil_5,Pupil_6,Pupil_7,Pupil_8,Pupil_9,Pupil_10,Pupil_11,Pupil_12,Pupil_13,Pupil_14,Pupil_15,Pupil_16,runSpeed_1,runSpeed_2,runSpeed_3,runSpeed_4,runSpeed_5,runSpeed_6,runSpeed_7,runSpeed_8,runSpeed_9,runSpeed_10,runSpeed_11,runSpeed_12,runSpeed_13,runSpeed_14,runSpeed_15,runSpeed_16,LickwrtTrialStart,ITIinseconds
1,1,1.82,0.552806211152257,0.552286425139785,0.551870040169494,0.551608926323279,0.551563378210961,0.551738122852593,0.552002929886163,0.5521896770072,0.552264590754406,0.552270780085297,0.552064924841635,0.551286705260222,0.549707133831733,0.547452972222989,0.544799630769433,0.541979069458895,0,0,0,0,0,0,0,0,0,0,0,0,0,0,0,0,NaN,1.82
1,1,3.02,0.502053619783085,0.50522914627521,0.508916370220396,0.512321776627506,0.515009883969859,0.517127886217151,0.519032539489935,0.520913444026624,0.522784183416667,0.524637110500792,0.526500285736451,0.528410205539652,0.530401972330903,0.532507496738335,0.53471310292147,0.536939458419155,0,0,0,0,0,0,0,0,0,0,0,0,0,0,0,0,NaN,3.153684
1,1,1.68,0.46781977472558,0.466940011796046,0.465355998217372,0.463692764375341,0.462308168176926,0.461112517774182,0.459907740362009,0.458695698757919,0.457538594801269,0.456170920094141,0.454001326120342,0.450735779894957,0.446901434450249,0.443485993572442,0.441063214275827,0.439455852266258,0,0,0,0,0,0,0,0,0,0,0,0,0,0,0,0,NaN,2.931708
1,1,2.74,0.366076963709476,0.365697930740431,0.364701296072708,0.363314396932933,0.36185172661499,0.360487080833753,0.359376913676822,0.358834763405561,0.359130650809054,0.360081118891514,0.360951070187986,0.360887511613549,0.359572313101694,0.357442818259071,0.355212745108617,0.353292556373347,0,0,0,0,0,0,0,0,0,0,0,0,0,0,0,0,NaN,2.851714
1,1,5.26,0.346477469102392,0.346882861827521,0.346655181002066,0.345647305974674,0.344434047506806,0.343934586854793,0.344554706715464,0.345600199756289,0.345727396000595,0.344119986673903,0.341202156183248,0.338255807103657,0.336446068733252,0.33609603577552,0.336715159166442,0.337639822798189,-0.0031940399433043,0,0,0,0,0,0,0,0,0,0,0,0,0,0,0,NaN,2.98970600000001
1,1,0.74,0.428853770373568,0.43484956659632,0.440851861865348,0.445944966100487,0.449562002685866,0.452050175781874,0.454395579035387,0.45746023556869,0.461401639878417,0.465610666606923,0.469227014291046,0.471839872982131,0.473657721292175,0.475042664038381,0.476122985385096,0.476939427570334,0,0,0,0,0,0,0,0,0,0,0,0,0,0,0,0,NaN,2.977703
1,1,2.08,0.333501345621641,0.333729717824667,0.333588055669379,0.333450081450225,0.333678378670611,0.334346853372611,0.335136710882675,0.33556233658242,0.335361143020768,0.33460956602012,0.33349346770715,0.332128310862,0.330597951127801,0.328988853725518,0.327339313285135,0.325644648162624,0,0,0,0,0,-0.0031940399433043,0,0,0,0,0.0031940399433043,0,0.0031940399433043,0,-0.0031940399433043,0,NaN,2.275772
1,1,1.34,0.313401349857849,0.31321280019478,0.313218721045899,0.313377019844602,0.313653439312253,0.314054444343769,0.314547574343681,0.314965091604268,0.315066340100886,0.314728842284283,0.314013028939495,0.313026628036165,0.31185213479057,0.310649917408302,0.30968007711887,0.309110620295479,0,-0.0031940399433043,0,0,0,0,0.0031940399433043,0,0.0031940399433043,0,0,-0.0031940399433043,0,0,0,0,NaN,3.17168400000001
1,1,0.46,0.310693201985142,0.31112757845777,0.31219425976658,0.313273086009233,0.313720944821574,0.313347930449471,0.3125870839345,0.312136140827759,0.312331510672287,0.312865728660853,0.313124610803906,0.31276308457737,0.311942833055447,0.311099808800731,0.310577185505927,0.31045791132734,0,0,0,0,0,0,0,0,0,0,0,0,0,0,-0.0031940399433043,0,NaN,2.69573
1,1,0.7,0.302278881684735,0.301934473230605,0.301813388957402,0.30160458678206,0.300920031671115,0.299633532364735,0.298120522094536,0.297029305488128,0.296693309903188,0.296814212941589,0.296775915590592,0.296212570942091,0.295247414934033,0.294293779515035,0.29371308286605,0.293605376886031,0,0,0,0,0,-0.0031940399433043,0,0,0,0,0,0,0,0,0.0031940399433043,0,NaN,3.47165
1,1,1.8,0.309525693153844,0.312219629889839,0.315552781449398,0.318651516677582,0.321110159133191,0.323114819039271,0.324819122769935,0.325967922873397,0.32630196914998,0.326042281173821,0.325711865947892,0.325651875219739,0.325947475849024,0.326685388194589,0.327989569870095,0.329755326768988,0,0,0,0,0,0,0,0,0,0,0,0,0,0,0,0,NaN,3.19168000000001
1,1,0.04,0.313910942182403,0.313929745263676,0.313777594576513,0.313518614956216,0.313161741835062,0.312730031710362,0.312359181162184,0.312246135890859,0.312494506116146,0.313082151673284,0.31397492331918,0.315131245504142,0.31635202034196,0.317283458531016,0.317688551841091,0.317680280689324,0,0,0,0,-0.0031940399433043,0,0,0,0,0,0.0031940399433043,0,0.0031940399433043,0,-0.0031940399433043,0,NaN,3.153685
1,1,1.36,0.295859193310806,0.295177326658269,0.294853955077465,0.294904186068134,0.295246294405506,0.295551635826204,0.295401595631236,0.294628506361203,0.293455243495707,0.292256721315533,0.291256539580277,0.2905073829447,0.290028002002443,0.289809116062195,0.289760328640639,0.28980386518971,0,0.0031940399433043,0,-0.0031940399433043,0,0,0,0,0,0,0,0,0,0,0,0,NaN,3.13369
1,1,2.98,0.289723872222155,0.289686980983218,0.289741347721868,0.289897422574243,0.290212742882911,0.290701719597288,0.291350474463413,0.292102457674116,0.292754999350478,0.292994131247513,0.292659859921503,0.291907919440268,0.29102020521938,0.290136378392101,0.28923274430535,0.288254739936742,0,0,0,0,0,0,0,0,0,0,0,0,-0.0031940399433043,0,0,0,NaN,2.85372
1,1,5.26,0.308151201207443,0.309788678208619,0.311458127969805,0.313057893375291,0.314531936132029,0.315803980573507,0.316748095281936,0.317296448651707,0.317513250126387,0.31749249265374,0.317262776219757,0.316874523032947,0.316526860804894,0.316503202320858,0.316922799017603,0.317586946551403,0,0,0,0,0,0,0,0,0,0,0,0,0,0,-0.0031940399433043,0,NaN,3.361666
1,1,1.92,0.320438356944847,0.319581536648289,0.318547171958088,0.318180523291436,0.318891462809663,0.320170800196553,0.321059010925161,0.321043821585541,0.320358129646156,0.319489112399802,0.318654573474212,0.317786847587307,0.316778466442757,0.315599906130758,0.314278907250399,0.31286901500753,0,-0.0031940399433043,0,0,0,0,0.0031940399433043,0,0,0,0,0,0,0,0,0,NaN,3.37166499999999
1,0,1.26,0.31361962752804,0.311936090432043,0.310353270368706,0.308677097807823,0.306839259414217,0.304916832973538,0.303025512640124,0.301206733559529,0.29942790084692,0.297676588506805,0.296007238267327,0.294453439250728,0.292909497590211,0.291172572781474,0.289158310596131,0.287039542018576,0,0,0,0,0,-0.0031940399433043,0,0,-0.0031940399433043,0,0.0031940399433043,0,0,0.0031940399433043,0,0,3.74202576,2.61374000000001
1,0,2.76,0.376570905725719,0.371864740522315,0.367625722046344,0.364504147668318,0.362823278586918,0.362178124126143,0.361864533993969,0.361537380450914,0.361254172305425,0.361094576250299,0.360988854472086,0.360861087590414,0.360770469511595,0.360839221345147,0.361080406032523,0.36141296775727,0,0.0031940399433043,0,0,0,0,0,0,0,0,0,0,0,0.0031940399433043,0,0,3.7616238,3.95561000000001
1,2,1.40664833820209,0.509297597612366,0.502929265426125,0.495636663703204,0.489489776610452,0.485696415732452,0.483699565031802,0.481986807969308,0.479414566835167,0.475838682575193,0.471950832821024,0.468639068765077,0.466262973102585,0.464409540490661,0.462362491987533,0.45976130404453,0.456758254324853,0,0.0031940399433043,0,0,0,0,0,0,0,0,0,0,0,0,0,0,1.39026096,2.85372000000001
1,2,11.1212196973419,0.220047186060769,0.219755785663154,0.219484406980259,0.219256919371356,0.219092274620325,0.218979679368515,0.218860346780033,0.218654689299742,0.218354642466457,0.218102905213167,0.218120430069228,0.218520201277152,0.219260383541591,0.220298619229787,0.221663390121945,0.223283667016929,0,0,0,0,0,0,0,0,0,-0.0031940399433043,0,0,0,0,0.0031940399433043,0,11.1098889,14.93851
1,3,14,0.394104058906826,0.393078809893218,0.392128461832299,0.391110764716179,0.389846811019994,0.388252104525395,0.386346179848543,0.384144396037418,0.381664940020805,0.379083978638793,0.37675053513279,0.374932403225206,0.373534268585308,0.372066734026526,0.369948020625347,0.366976585072512,0,0,0,0,0,0.0031940399433043,0,0.0031940399433043,0,0,0,0,0,0,0,0,NaN,14.27258
1,1,1.38,0.293894707314509,0.294209082784364,0.29437888158339,0.294321554904966,0.293924261784214,0.293275390401273,0.292617174695667,0.292092879962368,0.291605219431774,0.290927754030274,0.289938908632499,0.288734317739639,0.287515608982109,0.28640894578691,0.285432851410583,0.284640746262018,0,0,0,0,0,0,0,0,0,0,0,0,0,0,0,0,NaN,2.55774
1,1,3.38,0.259142265238022,0.258704910099885,0.257979232064923,0.257209854780952,0.256484621412733,0.2557773559596,0.255144807123016,0.254764410449813,0.254743843724941,0.254962043677791,0.255168188394129,0.255209774205866,0.255123759591094,0.255045366470374,0.255080783733275,0.25527191519795,0,0,0,0,0,0,0,0,0,0,0,0,0,0,0,0,NaN,2.9537
1,1,2.74,0.230895934295739,0.230860887031815,0.230740153118618,0.230646553700777,0.230628428174245,0.230662547090267,0.230725326972581,0.230830814975317,0.230991037515295,0.231178466718792,0.231352473079345,0.231470418984452,0.231410424850958,0.230945615039143,0.229923152895817,0.228480245086527,0,0,0,0,0,0,0,0,0,0,0,0,0,0,0,0,NaN,2.88971000000001
1,1,2.62,0.391231640016616,0.395211092665308,0.400106885065574,0.405325372123817,0.410507454910653,0.41548908014411,0.420178924598378,0.424640636486598,0.428988408134758,0.432939276442299,0.435753012914703,0.43700727683221,0.437276835010593,0.43769697847109,0.43895594081038,0.440948160053741,-0.0031940399433043,-0.00638807988660861,-0.0031940399433043,-0.00638807988660861,-0.00638807988660861,-0.00638807988660861,-0.0031940399433043,0,0,0,0,0,0,0,0,0,NaN,2.35375999999999
1,1,5.34,0.281389607358479,0.282381283650529,0.282817206452888,0.283034513938733,0.283229354799538,0.283423214939759,0.283546191379102,0.283493583175064,0.283214212512747,0.282795831304366,0.282418559381114,0.282185041788414,0.281983727970116,0.281531147349385,0.280599072718338,0.279270009891554,0,0,0,0,0,0,0,0,0,0,0,0,0,0,0,0,NaN,2.79172
1,1,0.54,0.229066463644041,0.229416653798724,0.229671888467142,0.229880054806129,0.230062582939739,0.230223354064964,0.230408611503241,0.230708455200035,0.231171833235498,0.231753344649138,0.232372931916061,0.232998002391688,0.233630408199121,0.234230716263673,0.234708619655843,0.235017560111595,0,0,0,0,0,0,0,0,0,0,0,0,0,0,0,0,NaN,3.27567999999999
1,2,3.73006748388913,0.206154361449647,0.205809345576956,0.205471544983935,0.205014337474765,0.204546534996382,0.204261728855267,0.204235615465091,0.204387788394958,0.204633545304232,0.204996847826934,0.205540123101953,0.206267476310902,0.207145958580577,0.208141461287608,0.209174610306612,0.210097690582994,0,0,0,0.0031940399433043,0,0,0,0,0,0,0,0,0,0,0,0,3.71439519,2.71172999999999
1,1,2.14,0.194776152048229,0.196499584661514,0.200878960893012,0.205335426100647,0.207305914655052,0.206088195634601,0.203392106916884,0.201879814092035,0.20282526725033,0.205226192204453,0.207153750296308,0.207635394834791,0.207081509437234,0.206268465879358,0.205442551645986,0.204478686683303,0,-0.0031940399433043,0,0,0,0,0,0,0.0031940399433043,0,0,0,-0.0031940399433043,0,0,0,NaN,14.29857
1,1,0.28,0.19140571229072,0.192644757468673,0.193816257558566,0.194273998734976,0.193790299907142,0.19283447770885,0.192213722624985,0.192342082478442,0.192884084125501,0.193117182461315,0.192596607971723,0.191495304958048,0.190432442881626,0.190019976423355,0.190435327214881,0.191331475443605,0,0,0,0,0,0,0,0,0,0,0,0,0,0,0,0,NaN,3.42964999999998
1,1,0.2,0.207670497345257,0.207881852149812,0.20811872921623,0.207783331809618,0.206506451163138,0.204521003454512,0.202503636102173,0.201076842166105,0.200411862720211,0.200222221789761,0.200108623298535,0.199875661656312,0.19952927607388,0.199102592286062,0.198589242049784,0.198006087347504,NaN,0,0,0,0,0,0,0,0,0,0,0,0,0,0,0,NaN,3.37365999999997
1,1,1.66,0.176189507958612,0.177047340370252,0.178199512425183,0.179108096351168,0.179470462082881,0.179417230004136,0.179286974219425,0.179317490030942,0.179529567322913,0.179772380516954,0.179848754504942,0.179699652323084,0.179529923979791,0.179688606464033,0.180356272802108,0.18138826053787,0,0,0,0,0,0.0031940399433043,0,0,0,0,0,0,0,0,0,0,NaN,3.15369000000004
1,1,2.04,0.186446545908997,0.186038964518424,0.185817223893495,0.185755849591672,0.185824021384078,0.185879456181873,0.185698547068336,0.185179729312343,0.1844332367882,0.183597309986724,0.182654857641514,0.181559126581542,0.18051322821033,0.179950076940114,0.180107842981729,0.180690854670522,0,0,0,0,0,0,0,-0.0031940399433043,0,0,0,0,0,0.0031940399433043,0,0,NaN,3.39366999999999
1,1,9.88,0.425520550331067,0.425967054607476,0.42559332904494,0.424120402305359,0.421804527640753,0.419186688931642,0.416652089041048,0.414232568284798,0.411622867620113,0.408384055337684,0.404341058762062,0.39978530344202,0.395185216191693,0.390859856527254,0.387113589616044,0.384421489272267,0,0,0,0,0,0,0,0,0,0,0,0,0,0,0,0,NaN,3.13167000000004
1,0,2.66,0.216275041065069,0.215869634764309,0.215189252964531,0.214464951833833,0.213839058582456,0.213331453739171,0.212953145590886,0.212767983316013,0.212811800737649,0.21301454513054,0.213273543827604,0.21356587933057,0.213900892771865,0.214159576589343,0.214090379360706,0.21357618638024,0,0,0,-0.0031940399433043,0,0,0,0,0.0031940399433043,0,0,0,0,0,0,0,3.91910805,2.77771999999999
1,0,0.42,0.293546233880729,0.29366024168222,0.29392533881611,0.294156132018214,0.294336122315801,0.294538019440301,0.294849929980825,0.29528522274019,0.29568882779196,0.295796638757996,0.295487307281663,0.294957753787483,0.294565329060774,0.29449819240343,0.294664194518951,0.294885779350277,0,0,0,0,0,0,-0.0031940399433043,0,0,0,0.0031940399433043,0,0,0,0,0,0.72762723,2.63974999999999
1,0,1.86,0.253147288091869,0.251942255224854,0.250816938857004,0.249771808912056,0.248801196636229,0.247940703775798,0.247279809153591,0.246882061429012,0.246678825862853,0.246471660262649,0.246061162432998,0.245383951246938,0.244522474719089,0.24358782717958,0.24264246439731,0.241757428920155,0,0,0,0,0,0,0,0,0,0,0,0,0,0,0,0,2.29337064,5.05551000000003
1,2,0.145963509152456,0.261179732946045,0.261275039845634,0.260794573901175,0.25998846454577,0.259173620497684,0.258488564618236,0.257901835400537,0.257367580774136,0.256898416609091,0.256493543636032,0.256048363522295,0.255394209456549,0.254463302104478,0.253383098858955,0.252360244954359,0.251517015607537,0,0,0,0,0,0,0,0,0,0,0,0,0,0,0,0,0.13295337,2.23374999999999
1,2,6.26543364286604,0.186400791171477,0.186611431130711,0.186712270235767,0.18674296279487,0.186647341550044,0.18638077316927,0.186055490812336,0.185888943737893,0.186011243583854,0.186403363279454,0.187016772572447,0.187839834135694,0.188807903315351,0.189734083195032,0.190404324705104,0.190717550377011,0,0,0,0.0031940399433043,0,0,0,0,0,0,0,0,0,0,0,0,6.25197474,14.33657
1,0,8.54,0.202795032103536,0.202733362363289,0.202733955941045,0.202692057346228,0.202397821223487,0.201719202255406,0.200755014037335,0.199801909105206,0.199150566257882,0.198872899736213,0.198796041577953,0.198696609969028,0.198446062926248,0.197883092810656,0.196676954755925,0.194561639476301,0,0,0,0,-0.0031940399433043,0,0.0031940399433043,0,0,0,0,0,0,0,0,0,9.63640292999999,14.15658
1,2,0.386903274260277,0.338924820768799,0.337988732776319,0.336758144911542,0.335138719580986,0.333166195045865,0.330792202770217,0.328031803458579,0.325307717687747,0.323344379168309,0.322530156316486,0.322561972298869,0.322858365316259,0.323124218654999,0.323392002053781,0.323746928473618,0.324204085481101,0,0,0,0,0,0,0,0,0,0,0,0,0,0,0,0,0.37106289,2.95371
1,0,0.72,0.228254262339461,0.226456286440881,0.224758282452629,0.223508104324398,0.222910684806093,0.222808624113729,0.222857179995223,0.222837398246105,0.22275783433476,0.222786968624517,0.223134210916017,0.223858637111696,0.224723865753897,0.225333857535966,0.225470655903506,0.225246546049869,0,0,0,0,0,0,0,0,0,0,0,0,0,0,0,0,1.29727026,14.67653
1,2,1.00174956281343,0.510288411341837,0.510987351760133,0.511717601780589,0.513112691068451,0.516307269422029,0.521766191587484,0.528158834462929,0.533059716342832,0.535048171692958,0.534802015315399,0.534150653500238,0.53449750637051,0.536030149284517,0.537798357182289,0.538458156250907,0.537507372741169,0.0862390784690548,0.0958211982989677,0.111791398015489,0.118179477902098,0.121373517845402,0.118179477902098,0.111791398015328,0.0958211982989677,0.0862390784692162,0.0702688787525333,0.0702688787525333,0.0702688787526947,0.0862390784690548,0.0926271583556634,0.105403318128881,0.111791398015489,0.987634559999999,2.54974999999996
1,1,0.54,0.394609019514802,0.395351570306219,0.396517800177271,0.397498955213371,0.398007405128734,0.398501705209265,0.399817099251634,0.402319988233312,0.405608425504109,0.409160513842152,0.412965262398209,0.417105242944245,0.420809305452723,0.422543633121944,0.421463612850874,0.418421566642246,0,0.0031940399433043,0,-0.0031940399433043,0,0,0,0,0,0,0,0,0,0,0.0031940399433043,0,NaN,14.7425
1,1,1.48,0.401948527095082,0.402858080924768,0.403491399585814,0.403902912119842,0.404145999353252,0.404214942898578,0.403964786949707,0.403182638068738,0.401924208541359,0.400838856053098,0.400925507654061,0.402562603787787,0.404722297729808,0.405579993251771,0.40420755841495,0.401467871454632,0,0,0,0,0,-0.0031940399433043,0,0,0.0031940399433043,0,0,0,0,0,0,0,NaN,2.82970999999998
1,3,14,0.341141695494995,0.338897282998528,0.336825773767817,0.334909667147442,0.333215992201019,0.331839128947373,0.330895460093987,0.330562424519378,0.330894726481831,0.331543146802469,0.331866758815369,0.331445182316329,0.330436399839595,0.329447479359042,0.329087811036412,0.32955061391394,0,0,0,0,0,0,-0.0031940399433043,0,0,0,0,0.0031940399433043,0,0,0,0,NaN,2.57171999999997
1,1,0.08,0.25764895062682,0.257316000348948,0.257264923447173,0.257621319835863,0.258211285067748,0.258697137502437,0.258875990730668,0.258815940981447,0.258743668931008,0.258852456380929,0.25918597648325,0.259644622211161,0.260088743558315,0.260445443855292,0.260733768666679,0.261022764420955,0,0,0,-0.0031940399433043,0,0.0031940399433043,0,0,0,0,0,0,0,0,0,0,NaN,2.63571000000002
1,1,3.78,0.228456924360201,0.226980152531915,0.226211181643662,0.226393735123448,0.22703715896231,0.227258890268361,0.226602269454443,0.225457786491636,0.224645935057155,0.22465010723668,0.225269798460795,0.225887519693779,0.225964774938448,0.225351988802043,0.224232901208641,0.222837413279865,0,0,0,0,0,0,0,0,0,0,0,0,0,0,0,0,NaN,3.41365000000002
1,3,14,0.237531606362601,0.236502154652829,0.235724606316435,0.235135176830088,0.234680549789875,0.234334034723247,0.233975738989427,0.233367311685999,0.232338861175737,0.230988911405978,0.22966222082359,0.228714446651411,0.228276216776771,0.228243157128126,0.2284659999098,0.228855145549379,0,0,-0.0031940399433043,0,0,0,0.0031940399433043,0,0,0,0,0,0,0,0,0,NaN,2.79572000000002
1,1,4.1,0.206240292442426,0.205516598069086,0.204712084547807,0.203946062178943,0.203278256537707,0.202684602591564,0.202126995738006,0.201610329522226,0.201168543884524,0.20083633052885,0.200641372164486,0.200591559990314,0.200676891105561,0.200903356607567,0.201289084621791,0.201793948851455,0,0,0,0,0,0,0,0.0031940399433043,0,0,-0.0031940399433043,0,0,0,0,0,NaN,2.83773000000002
1,1,9.56,0.324182812323982,0.321915483983431,0.319373848406186,0.316754111217114,0.314507046006353,0.31290857419779,0.311781753995034,0.310683661873934,0.309289446795689,0.307621297290061,0.306060939509241,0.305121367088029,0.304974488582406,0.305128186652936,0.304752213090314,0.303413859496091,0.00319403994314292,0,0.0031940399433043,0,0,0,0,0,0,0,0,0,0,0,0,0,NaN,2.77170000000001
1,1,0.44,0.199363582445023,0.19924323981566,0.199153773808333,0.198751523896259,0.197950607876891,0.196993548897579,0.196255559002404,0.195919836224059,0.195844020549687,0.195741631290283,0.195446660630822,0.194998892359296,0.194550300493438,0.194234929642027,0.194074714994627,0.193949838252195,0,0,0,0,0,0,0,0,0,0,0,0,-0.0031940399433043,0,0,0,NaN,2.33579999999995
1,1,3.04,0.225754283079613,0.225660407828036,0.22620642242036,0.226892066981039,0.227410108450228,0.227732014496445,0.227874828999662,0.227752363827609,0.227277985743098,0.226494884971613,0.225529627479992,0.224483239345409,0.223401718916792,0.222278275789194,0.221063207675736,0.219740695447747,0,0,0,0,0,0,0,0,0,0,0,0,0,0,0,0,NaN,3.10965999999996
1,1,4.4,0.16226170898208,0.165196403594395,0.167931880851284,0.170055740058092,0.171675676323331,0.173350175694436,0.175701497637107,0.178929988151099,0.182609676083746,0.186042653525316,0.188848773007306,0.191167833815679,0.193371867794902,0.195718569856419,0.198207831517955,0.20056999473556,0,0,0,0,0,0,0,0,0,0,-0.0031940399433043,0,0,0,0.0031940399433043,0,NaN,2.63576999999998
1,1,2,0.197505098167979,0.19962471998227,0.201306411567916,0.202703381355271,0.204156630936827,0.20582715638278,0.207436139644397,0.20844615627894,0.208573977021482,0.208070198451976,0.20743866724575,0.206989735166014,0.206751520933425,0.206713908058666,0.206989378343013,0.207656295030981,0,0,0,0,0,0,-0.0031940399433043,0,0,0,0,0,0.0031940399433043,0,0,0,NaN,2.83576000000005
1,1,0.18,0.227680495734649,0.228338990448967,0.228724219648393,0.228924572188962,0.228945539065979,0.228774003418029,0.228419906883814,0.227924909477307,0.227351662480246,0.226722347501646,0.225981544747703,0.22508549902587,0.224124713689958,0.223291768814239,0.222695037804636,0.222228547554096,0,0,0,0,0,0,0,0,0,0,0,0,0,0,0,0,NaN,2.57180000000005
1,1,4.14,0.21666924140855,0.217107115642549,0.217774746034961,0.218437382981792,0.218875976233818,0.219082165691837,0.219394420645446,0.220354086374119,0.222157382337696,0.224175023599649,0.22528683460749,0.224916756868705,0.223620604196728,0.22250998018727,0.222228689497702,0.222595144926421,0,0,0,0,0,0,0,0,0,0,0,0,0,0,0,0,NaN,3.23370999999997
1,1,0.1,0.230382730487886,0.230617790852291,0.231130076794815,0.231393100548931,0.231073112182833,0.230293088924727,0.229504210307477,0.229148382730284,0.229342012921486,0.229774665263454,0.229956996514287,0.229652008001955,0.229070592164776,0.228637484048302,0.228596854329852,0.228847090276139,0,0,0,0,0,0,0,0,0,0,0,0,0,0,0,0,NaN,2.60965999999996
1,0,4.66,0.213644844679626,0.214159061993708,0.214825883448233,0.215677832885021,0.216729078810601,0.217810358049211,0.218592538101024,0.218857843251331,0.218721902578881,0.218563973704619,0.21874911806263,0.219362366605066,0.220145285601838,0.220714884370767,0.220861717751752,0.220599855925021,0,0,0,0,0,0,0,0,0,0,0,0,0,0,0,0,7.35799746,2.99169000000006
1,2,0,0.312140433721169,0.310773920702072,0.309698412308125,0.309206510234215,0.309531235832594,0.310467205162579,0.311539236161385,0.312488272148068,0.313482587474736,0.314874052356934,0.316799645579955,0.319088832598148,0.321572315908265,0.324318793578421,0.327453325494451,0.330889721634522,-0.0127761597732172,-0.0127761597732172,-0.00958211982991291,-0.00638807988660861,0,0,0.00638807988660861,0.0127761597732172,0.0127761597732172,0.00958211982991291,0.0127761597732172,0.00638807988644722,0.0031940399433043,0,-0.0031940399433043,0,3.333e-05,3.19159999999999
2,0,0.18,0.195753163639029,0.19559018151049,0.195476512269586,0.195377837119235,0.195217436458571,0.194965799573167,0.194741464076156,0.194769865173961,0.195176819861004,0.195828448117697,0.196416347733326,0.196709159013805,0.196758356107818,0.196928137631125,0.197679705707404,0.199211429392321,0,0,0,0,0,0,0,0,0,0,0,0,0,0,0,0,1.6615005,14.1386100000001
2,2,1.11572106995987,0.276468405462163,0.277408769462383,0.279061437086131,0.28126814157287,0.283872666270709,0.286530138751189,0.288866551257063,0.290746065835106,0.292305441492291,0.293749969187041,0.295202802929288,0.296759999009111,0.298547396375989,0.30061631589436,0.302866637907859,0.305185310993979,-0.0031940399433043,-0.0031940399433043,0,0.0031940399433043,0.0031940399433043,0,0,0,-0.0031940399433043,-0.0031940399433043,-0.00319403994314292,-0.0031940399433043,0,0,0.0031940399433043,0,1.09605705,3.39765999999997
2,0,1.72,0.230801801365352,0.230644614064294,0.230456644053723,0.230489168368435,0.23079521088542,0.231133236571292,0.231111773798183,0.230536681999601,0.229616738102957,0.228777737082774,0.228291724415477,0.228086683832017,0.227831466091741,0.227179310464068,0.226015043960491,0.22450760726449,0,0,0,0,0,0,0,0,0,0,0,0,0,0,0,0,1.73625969,14.4765600000001
2,2,0.535866033600797,0.294524385698176,0.294425378327285,0.294320578230603,0.294222077277337,0.294103468278718,0.293929384721852,0.293660047469561,0.293316293543616,0.293077076748843,0.293210117275504,0.293816034103534,0.294732628836323,0.29579479534689,0.297066108395391,0.298627410050702,0.300185165073956,0,0,0,0,0,0,0,0,0,0,0,0,0,0,0,0,0.52051461,2.79370000000006
2,2,1.45363659114843,0.244322686153947,0.244030512391742,0.243942676247799,0.24387965645687,0.243489774166839,0.242582917526322,0.241354799346812,0.240210511719943,0.239401502387215,0.238867311707498,0.238352316156806,0.237615940764365,0.236624027965267,0.235646334789771,0.235104330248305,0.235204296099982,0,0,0,0,0,0,0,0,0,0,0,0,0,0,0,0,1.4401893,14.4385400000001
2,0,3.26,0.197754901034319,0.198557324247077,0.199394322050122,0.200059602071059,0.200433513859946,0.200588902713423,0.200702972176767,0.200904429653202,0.201195647712886,0.201448456246968,0.201475936493027,0.201209665004118,0.200850300346206,0.200753021879467,0.201061180085194,0.201475500593098,0,0,0,0,0,0,0,0,0,0,0,0,0,0,0,0,3.73076022,14.4965
2,2,0.620844788929282,0.300372715873231,0.297571895157657,0.294083753225293,0.289706930579562,0.28443120094655,0.278860185489364,0.274002204629638,0.270420757342474,0.267790337099596,0.265383330375289,0.262771542521743,0.259972276456079,0.257148295961982,0.254366549192028,0.251657458707492,0.249226884121787,0,0,0,0,0,0,0,0,0,0,0,0,0,0,0,0,0.60820584,2.29576999999995
2,0,1.82,0.237463443612845,0.236322170827901,0.235028331247572,0.233565175310234,0.232060613643006,0.230677084733767,0.229494856093905,0.22850711521659,0.227702354593907,0.227082681323192,0.226599251477522,0.226132894360146,0.225564614559629,0.224856507704968,0.224063740244281,0.223270153897839,0,0,0,0,0,0,0,0,0,0,0,0,0,0,0,0,2.1807819,16.2783800000001
2,2,0.123969007773319,0.189199130053073,0.189006798024554,0.188887115075957,0.18877693348543,0.188668475006061,0.188601642422185,0.188617129143767,0.188722771253215,0.188919744254309,0.189315099797314,0.190178852710375,0.191747430962047,0.19388113871531,0.1959400161472,0.197124504154056,0.197141518075262,0,0,0,0,0,0,0,0,0,0,0,0,0,0,0,0,0.11025564,3.29160000000002
2,2,0.0309922519433297,0.176069112515292,0.176625469402168,0.177679479655764,0.17815457829777,0.177531231410296,0.17642145776636,0.176036820613215,0.177077823112005,0.179195511821468,0.181431209522406,0.183005759918601,0.183790395076587,0.184277079545543,0.185132147740937,0.186685661677451,0.188828661037655,0,0,0,0,0.00319403994314292,0.00638807988660861,0.00958211982991291,0.0159701997165215,0.0191642396598258,0.0255523195464344,0.025552319546273,0.0255523195464344,0.0223582796031301,0.0191642396598258,0.0191642396598258,0.0223582796029687,0.01929807,14.2966
2,2,1.81354661371613,0.227930516099255,0.228670544438337,0.229723838105441,0.230665416611808,0.231253312760365,0.231452340916098,0.231229656228409,0.230533206139492,0.229474849594353,0.228388139663099,0.227633663638233,0.227326586744723,0.227236691972066,0.226988897956542,0.226404416393249,0.225646815280411,0,0,0,0,0,0,0,0,0.0031940399433043,0,0,0,0,0,0,0,1.80145317,14.3186000000001
2,1,2.06,0.188433727216213,0.186816106177797,0.184856502900034,0.183203911954148,0.182223359861775,0.181743263966629,0.181311824924386,0.180588983061346,0.179522637485477,0.178263875194414,0.176973758830846,0.17573236098298,0.174616862550315,0.173763395690252,0.173261875586738,0.173032859227856,0,0,0,0,0,0,0,0,0,0,0,0,0,0,0,0,NaN,14.37456
2,0,2.5,0.218247510254206,0.219169370986229,0.220482044338345,0.222263375296547,0.224385558020723,0.226495859777671,0.22823616228311,0.229465970485236,0.230240336327598,0.230623530214159,0.230653107401442,0.230468827764251,0.23031179020856,0.230347018364028,0.23055134921616,0.230771529309766,0,0,0,0,0,0,0,0,0,0,0,0,0,0,0,0,3.30373626,3.31964999999991
2,1,3.58,0.344389325521188,0.340918651259097,0.336434016423118,0.331746889960515,0.327499048358518,0.323803766966211,0.320307273176311,0.316521356899988,0.312252609218975,0.30784044441736,0.303936128568325,0.300949749671045,0.298671418485429,0.296393211205125,0.293402042465218,0.289514398230199,0,0,0,0,0,0,0,0,0,0,0,0,0,0,0,0,NaN,2.2758
2,0,3.04,0.205553899723542,0.204832810490441,0.204199136738332,0.203797145086806,0.203846144158325,0.20442482300547,0.205362449717548,0.206459238773116,0.207716776302121,0.209199734295227,0.210742459749279,0.211975910336374,0.212668852980335,0.212914002022184,0.212951726597096,0.212938097137022,0,0,0,0,0,0,0,0,0,0,0,0,0,0,0,0,3.53094687,2.69780000000003
2,2,4.54686328510527,0.295411661554237,0.294928801357093,0.294337569620195,0.293923761503787,0.293872882500087,0.294112041049153,0.294396887851777,0.294512515883579,0.294426521394703,0.294332615322651,0.294524713945034,0.29513944572913,0.2960159682961,0.296850209481149,0.297467515613752,0.297922269452366,0,-0.0031940399433043,0,0,0.0031940399433043,0,0,0,0,0,0,0,0,0,0,0,4.52684727,3.1377
2,2,0.982754311622358,0.236980669387578,0.237284480344124,0.237341091335546,0.237375695049674,0.237498118313378,0.237578479826524,0.237355023542823,0.236692311752858,0.235725945770405,0.234729773141372,0.23388250703175,0.233231684462164,0.232881190087344,0.233076345679086,0.233941551013998,0.235181714058203,0,0,0,0,0,0,0,0,0,0,0,0,0,0,0,0,0.965703419999999,14.54056
2,2,0.601849537738209,0.197115714405062,0.195711645999582,0.193971845691105,0.192500756990194,0.191634628128585,0.19125328577906,0.191054194654457,0.190850570453871,0.19061705337174,0.190425511972605,0.190389120995333,0.190537969033654,0.190668619597712,0.190416118417987,0.189611136877745,0.188546285898595,0,0,0,0,0,0,0,0,0,0,0,0,0,0,0,0,0.59014098,14.35254
2,3,14,0.132782807431713,0.132562951506426,0.132218974587254,0.131952716907433,0.131861625185856,0.131892532462002,0.131961858648702,0.132059308717676,0.132211861143929,0.132389197510247,0.132497870394413,0.132482512624919,0.132411467837084,0.132435518938027,0.132652862094017,0.133016322241331,0,0,0,0,0,0,0,0,0,0,0,0,0,0,0,0,NaN,14.39453
2,2,0.529867533224669,0.222118130493365,0.22118105177904,0.220142787423086,0.219031268927392,0.217903109213269,0.216852910353938,0.215922352954824,0.215001727102307,0.213873384158508,0.212449597924122,0.210991438176979,0.209987111510006,0.209721851548062,0.210005771369844,0.210356449386417,0.210385556540573,0,0,0,0,0,0,0,0,0,0,0,0,0,0,0,0,0.51608172,2.79173000000003
2,0,0.1,0.204408623046007,0.204445951350356,0.204228349182097,0.204011741122931,0.203918813604436,0.203910631331972,0.203903962221836,0.203865285952646,0.203805549887228,0.20373112759777,0.203625824462632,0.203462129422746,0.203197902589588,0.202777649686081,0.20218000817184,0.201450722947507,0,0,0,0,0,0,0,0,0,0,0,0,0,0,0,0,0.6622671,14.4786
2,2,0.615846038615842,0.323405536451105,0.322735659499795,0.321801645791329,0.320829840642016,0.319979544288762,0.319267596847498,0.318667692592961,0.318175265833015,0.317768235580205,0.31736719550164,0.316872818653167,0.316257076402845,0.315617894486976,0.315108039171183,0.314776749396276,0.314511225193746,0,0,0,0,0,0,0,0,0,0,0,0.0031940399433043,0,0,0,0,0.59814018,3.11776000000009
2,2,4.6198450396815,0.178573395842787,0.177820240681016,0.176980385621154,0.176187013274783,0.175532331372079,0.174981759219173,0.174406099410364,0.173688367804528,0.17284586119431,0.172099750237386,0.171768910672335,0.171995250711215,0.172597706340491,0.17326217053715,0.173811154715171,0.174220379170131,0,0,0,0,0,0,0,0,0,0,0,0,0,0,0,0,4.60190643,14.7284999999999
2,0,0.04,0.217227543831628,0.220787630655118,0.223905041975518,0.226351281509844,0.228184304590054,0.230239443645248,0.233828606917326,0.239454044950705,0.245775932915127,0.250409335165537,0.252087556635444,0.251767279624009,0.251462996130365,0.252377482239594,0.254273169578007,0.256116534538693,0,0,0,0,0,0,0,0,0,0,0,0,0,0,0,0,0.50188314,14.59857
2,2,0.280929767615343,0.542772277600168,0.543650870981266,0.544871351323951,0.546495783576458,0.548495344532193,0.550405409592148,0.551429580160387,0.551145067746782,0.549960939272204,0.548676993404649,0.54774444455599,0.547293299432282,0.547929055632766,0.550906161688048,0.556759379816203,0.563959955003129,0.0862390784690548,0.099015238242272,0.099015238242272,0.0798509985824462,0.0511046390927075,0.0287463594897387,0.0127761597732172,0.00958211982991291,0.0191642396598258,0.0383284793194903,0.0542986790361732,0.0766569586391419,0.0894331184123591,0.114985437958794,0.127761597732011,0.140537757505067,0.26367363,2.89172999999994
2,0,0.2,0.391999700047433,0.392956578701828,0.39373340963055,0.394344015176086,0.395029748307299,0.396116807015991,0.397725901182251,0.399595787021899,0.40128213049843,0.402537569254822,0.403427389390819,0.404121155271552,0.404706076521079,0.405204306904352,0.405651696318946,0.406101368038403,0,0,0,0,0,0,0,0,0,0,0,-0.0031940399433043,0,0,0.0031940399433043,0,0.948271829999999,14.5405500000001
2,0,1.32,0.373710547361766,0.372744753398786,0.371949024772323,0.371382706896217,0.370951686296409,0.370784968846981,0.37132609610026,0.372858870198343,0.375110343986025,0.377507382325904,0.379653422321125,0.381397323976805,0.382673468999787,0.383519669785769,0.384068426347695,0.384268292989151,0,0,0,0,0,0,0,0,0,0,0,0,0,0.0031940399433043,0,0,1.63886943,5.89740000000006
2,2,2.0004998754388,0.314692384943875,0.313114994681635,0.311226620691775,0.309449700362615,0.308009513027615,0.306811702011233,0.305590774314709,0.304132857417183,0.302452960514426,0.300892232041375,0.2999671261112,0.299882173967124,0.300140723184839,0.299853787254783,0.29858949438508,0.296835187536114,0,0,0,0,0,0,0,0,0,0,0,0,0,0,0,0,1.98456819,4.55352999999991
2,0,0.46,0.306941131988466,0.307003189897896,0.306877107879633,0.306585340320586,0.305980704008867,0.304937526509784,0.303565010013284,0.302113911837621,0.300747563565094,0.299498670762324,0.298375966456751,0.297398056379581,0.296528338566606,0.295649347960738,0.294635295683069,0.293436109525078,0,0,0,0,0,0,0,0,0,0,0,0,0,0,0,0,0.967236599999999,14.2565900000001
2,2,7.81204698984446,0.222437423054527,0.222137307228608,0.221941611569568,0.221823835252048,0.221780911771697,0.221798647174474,0.221787210971,0.2216005712477,0.22118371190725,0.220699362627338,0.220432180563836,0.220520526663984,0.220827412275707,0.221114520605665,0.221285875845307,0.221384736105663,0,0,0,0,0,0,0,0,0,0,0,0,0,0,0,0,7.79442048,3.09764999999993
2,1,2.88,0.194673366926507,0.194351238885943,0.194046110545741,0.193690608254162,0.19325631430507,0.192761117525313,0.192225553098493,0.191643828407479,0.191015159220789,0.19039704209891,0.18989349241722,0.189536942254514,0.189168002844375,0.188506264090774,0.187413763238632,0.186053414706207,0,0,0,0,0,0,0,0,0,0,0,0,0.0031940399433043,0,0,0,NaN,14.6405
2,0,0.46,0.198523240552613,0.19829445503174,0.197056751353441,0.195066886147719,0.192803410096199,0.19055410495316,0.188378364938448,0.186270053574982,0.184213544510413,0.182187590805243,0.180243427358617,0.17853229718112,0.177140850393647,0.175905511198373,0.174499119990087,0.172770284308881,0,0,0,0,0,0,0,0,0,0,0,0,0,0,0,0,1.08059193,2.87574000000006
2,2,0.344913771627379,0.203568977473463,0.202086247747894,0.200347015668898,0.198419936755615,0.196570791259294,0.195215721756814,0.194583553045299,0.194485465869686,0.194511260622001,0.194382556571994,0.194078750838378,0.193735653646088,0.193498793076256,0.193426358975145,0.193469561006856,0.193520810203416,0,0,0,0,-0.0031940399433043,0,0,0,0,0,0,0,0,0.0031940399433043,0,0,0.32616738,2.51774
2,2,11.0142464406343,0.208365902374437,0.208692186086133,0.209278992351748,0.209933269351949,0.210560775790266,0.211172086227852,0.211769447585632,0.212300724387902,0.212734930406389,0.213146698611441,0.213678383437547,0.214408868311137,0.215295398836029,0.216253473720387,0.217247692513413,0.218279204981017,0.0031940399433043,0,-0.0031940399433043,0,0,0,0,0,0,0,0,0,0,0,0,0,11.00219967,14.8185000000001
2,0,0.76,0.201350383020095,0.202766282189395,0.204234394533253,0.205824697041478,0.207535067497924,0.209180682312281,0.210485865287531,0.211351908623984,0.211926252823876,0.212317913093882,0.212390519739085,0.212002498963019,0.211357303632678,0.210916238231456,0.210931178297484,0.211162786410561,0,0,0,0.0031940399433043,0,0,0,0,0,0,0,0,0,0,0,0,1.45672098,14.4805999999999
2,2,0.565858535481439,0.215288080703354,0.215580978349438,0.215724994144212,0.215972447775855,0.216716257725499,0.218133622836454,0.219923976500224,0.221511766464113,0.222532954110639,0.223096452670945,0.223647569827813,0.224630100459353,0.226141454566598,0.227776018972204,0.22889275704049,0.229176273410076,0,0,0,0,0,0,0,0,0,0,0,0,0,0,0,0,0.55211145,2.37380000000007
2,0,1.98,0.19535607744481,0.19466970009445,0.19400191378425,0.193556471195629,0.19340369148686,0.193355453210688,0.193078687059852,0.192401482234887,0.191499501912743,0.190748412293454,0.190396440257105,0.190367054076592,0.190311156096456,0.189844416624327,0.188855754830641,0.187659423341234,0,0,0,0,0,0,0,0,0,0,0,0,0,0,0,0,2.28990432,14.3406
2,2,0.388902774385653,0.240928776996571,0.23960933232583,0.23888969816891,0.238424241784763,0.238003321588753,0.237590209143727,0.237210610301501,0.236893854449681,0.236638141757336,0.236362566948041,0.23592887310718,0.235266401499811,0.23446523905306,0.233707453756843,0.233108366580909,0.232634847780068,0,0,0,0,0,0,0,0,0,0,0,0,0,0,0,0,0.37392927,4.96960000000013
2,0,0.46,0.230886625750805,0.231236254756721,0.232097922145365,0.233095671504038,0.234064602974193,0.235026832924622,0.235935927502727,0.236615079329468,0.236938442249693,0.236934024077527,0.236667885953668,0.236153775966087,0.235455764406061,0.234805176980214,0.234506368526471,0.234683535617652,0,0,0,0,0,0,0,0,0,0,0,0,0,0,0,0,1.13918607,14.5805
2,2,0.413896525952855,0.362552279762339,0.362068181740465,0.361692661928678,0.36149014441509,0.361473805961856,0.361606913530979,0.361880429866448,0.362350831632313,0.363081551418681,0.364031400728598,0.365088940284293,0.366316408300999,0.368026777044055,0.370384481630643,0.372957971869265,0.374926244956815,0,0,0,0,0,0,0,0,0,0,0,0,0,0,0,0,0.40172649,3.12959999999998
2,0,6.28,0.78161985997837,0.77651355057327,0.771987750322558,0.767603111674134,0.762911640176258,0.757825783094604,0.752778755648647,0.748447860701344,0.745191995745978,0.742812666317616,0.740880644019467,0.739114415673459,0.737443681266789,0.735951019043919,0.734805356138312,0.734142101405441,-0.0031940399433043,-0.0031940399433043,-0.00638807988660861,-0.0031940399433043,0,0,0,0,0,0,0,0,0,0,0.0031940399433043,0,6.83904936,14.2585000000001
2,0,1.06,0.458838982141236,0.459966291790916,0.461163085970204,0.462552152005791,0.464175298893473,0.465809651480237,0.467060254039569,0.46770835853904,0.467891232056741,0.467899111882323,0.467900140679371,0.467900909289183,0.467861360355793,0.467772339743507,0.467631770157617,0.467354528481674,0,0,0,0,0,0,0,0,0,0,0,0.0031940399433043,0,0,0,0,1.543179,2.91369999999984
2,2,0.481879530215642,0.326771665349901,0.324834414936386,0.322774946750623,0.320060911372996,0.316525982805098,0.312600296311163,0.308973701448356,0.306022286937081,0.303688452490633,0.301831826654715,0.300424648547593,0.299355700239701,0.298250313113063,0.296645353978213,0.294356900059829,0.291601251967961,0,0,0,0,0,0,0,0,0,0,0,0,0.0031940399433043,0,0,0,0.46612005,3.15369999999984
2,0,5.1,0.224550311737341,0.222968243427508,0.221438515995523,0.219926387212601,0.218476536321623,0.217158086112546,0.216025914119883,0.215077685049206,0.214260736603813,0.213564251815847,0.213065006496521,0.212878778650589,0.213167345184785,0.214150395700592,0.215924949744021,0.218300155382949,0,0,0,0,0,0,0,0,0,0,0,0,0,0,0,0,5.79502044,16.1165000000001
2,2,0.543864034102302,0.227221735492483,0.228506283515919,0.229741330060874,0.230868693603555,0.23183827829552,0.232636867798847,0.233253772460355,0.233706573589858,0.234132289472511,0.234759831438295,0.23572328552636,0.236941551215534,0.238212096144522,0.239382984851877,0.240429674868244,0.241428668098245,-0.00319403994314292,0,0,0,0,0,0,0,0,0,0,0,0,0,0,0,0.52651401,2.79559999999992
2,0,6.3,0.235900047187469,0.23560395566197,0.235332735083618,0.235026824855047,0.234692833635318,0.234540985071508,0.234935986885872,0.236050354651452,0.237592893241221,0.239019831466816,0.240002859006618,0.24061481090343,0.241140678194858,0.241815286651121,0.242614065898051,0.243094109866924,0,0,0,0,0,0,0,0,0,0,0,0,0,0,-0.0031940399433043,0,8.47028621999999,14.9804999999999
2,2,2.49537615646938,0.422079858198221,0.419486541707387,0.416873816303777,0.414274539943815,0.411772629478444,0.409472453083757,0.407495925207555,0.405889013792151,0.404533553139291,0.403239315272438,0.401906900818227,0.400521713489029,0.39899879216341,0.397143222934643,0.394841165360584,0.392229064665224,0.0031940399433043,0,0,0,0,0,0,0,0,0,0,0,0,0,0,0,2.48148516,2.73169999999982
2,0,2.38,0.164335440134856,0.165330678945658,0.166329446496373,0.167508255647947,0.168965469677365,0.170577084952706,0.172084626275094,0.173324929950139,0.174357371200453,0.175395750234314,0.176643161979859,0.178161876777815,0.179867425917305,0.181638234313942,0.183416456581486,0.18521217946633,0,0,0,0,0,0,0,0,0,0,0,0,0,0,0,0,2.70066324,14.6385
2,0,0.6,0.233937649364489,0.233729030807691,0.232787236666164,0.230927058840794,0.228112659984302,0.224702001580983,0.221224196110931,0.217922648159279,0.214753618118599,0.211813529309766,0.209483399753783,0.208030540265053,0.207286249548614,0.206869775484249,0.20654349274771,0.206210342418446,0,0,0,0,0,0,0,0,0,0,0,0,0,0,0,0,0.71852814,2.77569999999992
2,2,1.7995501128385,0.205637214364442,0.205276828407139,0.204851907729852,0.20435138152844,0.203735841725761,0.203216057913952,0.203233196383082,0.20400102797669,0.20512702777489,0.205874600294015,0.205828416856596,0.205186744970633,0.204425189846448,0.203841021287474,0.203444034704782,0.203122980959944,0,-0.0031940399433043,0,0,0,0,0,0,0,0,0,0.0031940399433043,0,0,0,0,1.78698795,2.79180000000019
2,0,1.64,0.186530153690998,0.187383567925928,0.188094600810294,0.188508101763699,0.188479304024048,0.188161318946751,0.18791606599731,0.187956442810251,0.188153620454584,0.188194352304128,0.187886496281172,0.187316561098699,0.186765041201021,0.186496562691059,0.186597955176316,0.186990475683825,0,0,0,0,0,0,0,0,0,0,0,0,0,0,0,0,2.09988999,14.3365999999999
2,2,2.23244188998243,0.291137153157254,0.289355728085356,0.288418804504118,0.287673745531374,0.28669505994132,0.285488702061257,0.284389138416413,0.283823056675204,0.28393324166533,0.284312855733606,0.284255083458579,0.283379104574134,0.281956561938309,0.280601467348541,0.279722694152556,0.279245918410769,0,0,0,0,0,0,0,0,0,0,0,0,0,0,0,0,2.21737824,2.23179999999979
2,2,2.68132966812936,0.293010293608557,0.29041041035996,0.287081844170769,0.283460917892411,0.280267746401687,0.277971054230651,0.276401162049108,0.274945049782431,0.273037907669838,0.270599188617294,0.268226185231742,0.26685210047975,0.266918261500107,0.26789460827983,0.26877966715126,0.268994613455251,0,0,0,0,0,0,0,0,0,0,0,0,0,0,0,0,2.66833314,14.8525
2,0,2.12,0.180439593344589,0.180476338562378,0.180601545467886,0.180835174437023,0.181113343957246,0.181270663987756,0.181148322418442,0.180771544750083,0.180458122343244,0.180672201968062,0.18157115748226,0.182635262978196,0.182953451862374,0.18205122753259,0.180343936466016,0.178679964744983,NaN,0,0,0,0,0,0,0,0,0,0,0,0,0,0,0,2.6314035,14.2125000000001
2,2,1.92651837079988,0.245996424285368,0.246533052589536,0.247145961851621,0.247796732743477,0.248467747519988,0.24916185342565,0.249855169237705,0.250485595413344,0.251049001284908,0.251729043073497,0.252839405052481,0.254536470704645,0.256641907629689,0.258817940471344,0.260812302376677,0.262461405891616,0,0,0,0,0,0,0,0,0,0,0,0,0,0,0,0,1.91150883,2.45569999999998
2,2,5.78055486246233,0.229851833618097,0.229604576065301,0.229219390756364,0.228667266948779,0.227970951075482,0.227185274242871,0.226265153472022,0.225029612779753,0.223354625800139,0.221333919413847,0.21917572416674,0.217034112661231,0.215008247499312,0.213186199137516,0.211584616491971,0.210135448081319,0,0,0,0,0,0,0,0,0,0,0,0,0,0,0,0,5.76792315,14.2746
2,0,7.42,0.185785094661924,0.184363133938009,0.182879170506532,0.181490323226532,0.18024180713024,0.178986847613529,0.177484918926477,0.175622552028681,0.17350322536216,0.17129394488599,0.169055396202012,0.166770153867133,0.164459505597105,0.162199047974202,0.160085074120949,0.158278829519819,0,0,0,0,0,0,0,0,0,0,0,0,0,0,0,0,7.93293996,14.4984999999999
2,2,2.24543864079737,0.216211531378412,0.216149483103561,0.216267688721857,0.217034386887453,0.218676284402069,0.220881301251621,0.223072871884135,0.224919065292154,0.226469187924494,0.227902169192324,0.229307239017746,0.230686061516234,0.232032608197291,0.233356826567202,0.234652307658638,0.2358540540172,0,0,0,0,0,0,0,0,0,0,0,0,0,0,0,0,2.2281105,2.65359999999987
2,2,1.72656835826227,0.260361874681304,0.259736711603724,0.259262212164429,0.258884114008624,0.258597352996311,0.258578669717362,0.258943230080168,0.259450140896467,0.259613127072276,0.259154192373087,0.258263801708059,0.257382629266115,0.256807422929774,0.256504984726789,0.256166595604329,0.255414176490778,0,0,0,0,0,0,0,0,0,0,0,0,0,0,0,0,1.71502848,14.4306000000001
2,0,6.76,0.209582828614565,0.209981137788093,0.210302797796372,0.21015944540474,0.209403362998843,0.208313634564294,0.20736256911149,0.206787735053794,0.206458137711794,0.206136214994564,0.205754723924833,0.205362017955981,0.204850861557379,0.20390974948489,0.202371817316663,0.200540582414333,0,0,0,0,0,0,0,0,0,0,0,0,0,0,0,0,7.27030623,14.4566
1,0,1.18,0.287208428498245,0.286477795919738,0.285696792585142,0.284850943313462,0.283904570770996,0.282862444009035,0.281812008055862,0.28088337657835,0.280085458782257,0.279122222418159,0.277498317438306,0.274996186771133,0.272001752133807,0.269196317255999,0.26700365804303,0.265498105387568,0,0,0,0,0,0,0,0,0,0,0,0,0,0,0,0,1.17551577,2.93169999999986
1,3,14,0.274447845523262,0.276681015850039,0.278636679781758,0.280729170942515,0.283568545024282,0.2873966321844,0.291745473151652,0.295818991075173,0.299135915727405,0.301620723777904,0.303262430919331,0.304064807559624,0.304270340794503,0.304293339509416,0.304402326450978,0.304620065071021,0,0,0,0,-0.0031940399433043,0,0,0,0,0.0031940399433043,0,0,0,0,0,0,NaN,3.09169999999995
1,0,2.52,0.216698231582351,0.216360337246972,0.215870085141153,0.215286497767794,0.214640007507316,0.213945911395796,0.213206860357625,0.212415788315422,0.211532277211923,0.210470028841519,0.209212118463085,0.207989191443855,0.20722770284108,0.207192797026254,0.207703182535801,0.208249966804052,0,0,0,0,0,0,0,0,0,0,0,0,0,0,0,0,3.42812382,3.29359999999997
1,0,5.34,0.221344003204114,0.219551538592363,0.217949063689414,0.216588040378683,0.215393730250242,0.214334460775831,0.213543387363334,0.213137432006297,0.212970593706899,0.212708422715298,0.212192592929671,0.211687036799904,0.211680044260631,0.212404299892053,0.213643627395686,0.21506241140205,0,0,0,0,0,0,0,0,0,0,0,0.0031940399433043,0,0,0,0,6.64823511,3.23559999999998
1,0,3.92,0.312294050860153,0.3125814134897,0.31272069388163,0.312634651641471,0.312210207719036,0.311362063783658,0.310174362679992,0.309025588552275,0.308325648746133,0.308064895922641,0.308009746763969,0.308574932568921,0.310973946513393,0.315882845260979,0.322232110384413,0.327966081810546,0.00638807988660861,0.00638807988660861,0.00638807988660861,0.0031940399433043,0.00638807988660861,0.00638807988660861,0.00958211982991291,0.0127761597730558,0.0127761597732172,0.0127761597732172,0.00638807988660861,0,-0.0031940399433043,-0.00638807988660861,-0.00958211982991291,-0.00638807988660861,4.42149114,2.88979999999992
1,0,0.82,0.739739964779523,0.740063501552901,0.74006277631189,0.740457172811926,0.741261585206563,0.74183023836611,0.741284257499598,0.739319891525057,0.736696181667272,0.73462520043744,0.733648302153173,0.733429898683984,0.733667426084676,0.734696279602984,0.736888337286859,0.739833463616939,0.111791398015328,0.105403318128881,0.099015238242272,0.0894331184125205,0.0926271583556634,0.102209278185576,0.118179477901936,0.134149677618619,0.140537757505228,0.143731797448371,0.140537757505228,0.124567557788706,0.102209278185576,0.0702688787525333,0.0479105991494032,0.0351344393763473,2.70536277,3.01569999999992
1,3,14,0.540265905508339,0.537369645753905,0.534987379373971,0.532870638004596,0.530956183639899,0.529364012876836,0.528349401125962,0.528265641841264,0.529240692256617,0.530798850645321,0.532063273262534,0.532450191642535,0.532118402677146,0.531824323418345,0.532378701694511,0.534020244843207,0,0,0,0.0031940399433043,0,0,0,0,0,0,0,0,0,0,0,0,NaN,3.11979999999994
1,0,0.96,0.381789812693196,0.382235736108529,0.382594271247535,0.382628048766587,0.382233432558225,0.381379728000248,0.380000518076208,0.378034944911801,0.375519670488013,0.372556758052446,0.369272706212668,0.365808514757488,0.362199356910274,0.358300195138877,0.354027419818395,0.349677722623649,0,0,0,0,0,0,0,0,0,0,0,0,0,0,0,0,2.07052626,2.17370000000005
1,1,8.1,0.290309085063538,0.290453304582689,0.290878866852996,0.291389668183064,0.291857821583447,0.292311917148608,0.292891760130251,0.29372298432705,0.294757343586425,0.295686334032784,0.296090330535148,0.295787819466378,0.295009988584844,0.294158799406207,0.293468605338364,0.292971297847104,0,0,0,0,0,0,0,0,0,0,0,0,0,0,0,0,NaN,2.55160000000001
1,1,7.76,0.21679151455345,0.216557192746006,0.216265259375255,0.216092264842365,0.216054467964799,0.216081023551295,0.216070048045648,0.215994149714156,0.216073245078446,0.216731320157807,0.21817052433325,0.220005298968846,0.221514351393068,0.222312247232189,0.222675401240368,0.22318902390952,0,0,0,0,0,0.0031940399433043,0,0,0,0,0,0,0,0,0,0,NaN,3.27569999999992
1,1,4.54,0.178439841304535,0.177357706166,0.176283904964037,0.175310115800834,0.174599223550811,0.174252221637265,0.174216829107385,0.174361044850635,0.174615039579954,0.175054620946503,0.175868567292633,0.177182157064579,0.17886860938607,0.180561765923856,0.181887654880235,0.182732026066992,0,0,0,0,0,0,0.0031940399433043,0,0,0,0,0,0,0,0,0,NaN,2.8878000000002
1,1,2.12,0.192534183641544,0.194788340452192,0.19687151694122,0.19895648418089,0.2012067793975,0.20361220339491,0.205859830418178,0.207460621200854,0.208176375639964,0.208292213059455,0.208350171165531,0.208656157426234,0.209099121346689,0.209360197926634,0.209231440229118,0.208802502433376,0,0,0,0,0,0,-0.0031940399433043,0,0,0.0031940399433043,0,0,0,0,0,0,NaN,3.30970000000002
1,1,7.82,0.186682976406059,0.185625856213741,0.184753836599731,0.184329007732096,0.184471198333409,0.184978061616351,0.185489048637123,0.185801087344815,0.185952032161041,0.186053961938641,0.186147130601253,0.18619921850356,0.186147990824711,0.185925251712877,0.185515334992024,0.185018711905039,0,0,0,0,0,0,0,0,0,0,0,0,0,0,0,0,NaN,2.97370000000001
1,3,14,0.163580024094417,0.163917051736554,0.164100308029757,0.164265147370702,0.164669724597778,0.165430669158464,0.166335320975175,0.167006399592773,0.167264315805163,0.16724291508678,0.16713022157195,0.166925824204606,0.166582342448823,0.166338113357607,0.166700098021875,0.167944093711457,0,0,0,0,0,0,0,0,0.0031940399433043,0,0,-0.0031940399433043,0,0,0,0,NaN,2.11779999999999
1,1,1.86,0.315501380846773,0.314552585797053,0.313284460764992,0.311466220821157,0.308992512156293,0.306192663755219,0.30372230669987,0.302042042201977,0.301002417073965,0.299889005781206,0.297898843160968,0.294780202765416,0.291101241895693,0.287771310746263,0.285292254708564,0.283586848418551,0,0,0,0,0,0,0,0,-0.0031940399433043,0,0,0,0,0,0,0,NaN,2.75380000000018
1,1,8.78,0.26461984163272,0.264884030515548,0.265102015630114,0.265021921210332,0.264550480006366,0.263859972647006,0.263237721803109,0.262839951121259,0.262635479132887,0.262544056363763,0.262535885538287,0.262589694126923,0.262630365602263,0.262569202607077,0.262415593695256,0.262305972553148,0,0,0,0,0,0,0,0.0031940399433043,0,0,0,0,-0.0031940399433043,0,0,0,NaN,3.43369999999982
1,1,3.24,0.220526753956493,0.220146186458348,0.219527785876458,0.218418141311308,0.216634235649828,0.214441189290004,0.212384672440854,0.210815532432446,0.209744316306163,0.209061916885746,0.208680736160974,0.208505690286489,0.20847372448943,0.208626802795898,0.209043554248228,0.209739332071353,0,0,0,0,0,-0.0031940399433043,0,0,0,0,0,0,0,0,0,0,NaN,3.15169999999989
1,1,8.98,0.182897446811426,0.182416451702373,0.182234643029272,0.182231935572901,0.182184520965979,0.18200324871366,0.181739160812586,0.181380983676763,0.180772919250836,0.179816633259773,0.178682980628278,0.177702497067181,0.177053116434486,0.176651647287384,0.176353739042478,0.176138887639709,0,0,0,0,0,0,0,0,0,0,0,0,0,0,0,0,NaN,3.22979999999984
1,1,6.08,0.152991626037313,0.151715817745389,0.150291571951438,0.148808306278179,0.147230942400695,0.145692177253011,0.144516002706917,0.143913654778695,0.143786679627737,0.143880422728324,0.144017053811391,0.144156133880825,0.144363248754826,0.144758833986576,0.145400971428089,0.146184186076397,0,0,0,0,0,0,0,0,0,0,0,0,0,0,0,-0.0031940399433043,NaN,2.63770000000022
1,1,0.38,0.137416813927171,0.136276117272062,0.135285397155704,0.134429528802448,0.1336659092681,0.133017712035086,0.132610508898049,0.132539849706217,0.132763884218293,0.133179596713623,0.133718152525988,0.134308351389704,0.134824565071642,0.135148955944856,0.135299379432715,0.135495489799337,0,0,0,0,0,0,0,0,0,0,0,0,0,0,0,0,NaN,2.61779999999999
1,1,0.34,0.182677963046932,0.182989140222968,0.18327628992335,0.18364881752922,0.184128544600496,0.184685331627867,0.185291643652273,0.185929240971434,0.186565821955673,0.187169585193912,0.187749440730752,0.18832507742303,0.188826594149914,0.189088511199539,0.189022131541284,0.18876439064907,0,0,0,0,0,0,0,0,0,0,0,0,0,0,0,0,NaN,2.43770000000018
1,3,14,0.18894622671104,0.191035294853217,0.193198511072984,0.195621764180362,0.198397013130438,0.201433536517184,0.204565614446898,0.20765875560113,0.210558594664465,0.21307685653497,0.215154018921361,0.216919091635374,0.218456898378274,0.219639407421443,0.220299747495629,0.220419855406515,0,0,0,0,-0.00319403994314292,0,0,0,0,0,0,0,0,0,0,0,NaN,2.41169999999988
1,1,4.84,0.261534653275897,0.260546698482116,0.259449535235238,0.258018406515071,0.256153226362415,0.254193843977088,0.252753368182381,0.252157950232083,0.252187125517875,0.25242170987322,0.252672149860876,0.253000452097666,0.253526393973544,0.25432991913754,0.255406993797234,0.256612186625853,0,0,0,0,0,0,0,0,0,0,0,0,0,0,0,0,NaN,2.80970000000002
1,1,7.78,0.189895473329066,0.189769238691972,0.189522514604858,0.189157260819344,0.188510678259197,0.187469772180307,0.186214024725787,0.185113734317444,0.184388675088723,0.18394820733101,0.183553513228345,0.183050964859704,0.182456172572888,0.181910350909288,0.18157980518281,0.181535528413879,0,0,0,0,0,0,0,0,0,0,0,0,0,0,0,0,NaN,2.63369999999986
1,0,1.34,0.271438524714546,0.272462784712489,0.273743718405381,0.275073169233532,0.276303795974,0.277392373494045,0.278305221511122,0.278958741026445,0.279289471433835,0.279311074290847,0.279059021484412,0.278559526920299,0.277888896274914,0.277189354221999,0.276587913642295,0.276118706283147,0,0,0,0,0,0,0,0,0,0,0,0,0,0,0,0,2.52658065,2.95569999999998
1,0,3,0.181808898379844,0.181101390306069,0.180650280478952,0.18055609661249,0.180787672951685,0.181263756803534,0.181925729552109,0.18273479280673,0.183681054147104,0.184784847280004,0.186007819099753,0.187155330993888,0.187948341270541,0.188251315676144,0.188182613435746,0.187959273444708,0,0,0,0,0,0,0,0,0,0,0,0,0,0,0,0,4.99456716,2.93170000000009
1,0,1.58,0.215439795142122,0.216502284112702,0.217525927167685,0.218464738872583,0.219117470033993,0.21917850314676,0.218474402634993,0.217121234247664,0.21538928899479,0.213503931785542,0.211553224467494,0.209407656049543,0.206765922054482,0.203469165174294,0.199737383719941,0.195976300342593,0,0,0,0,0,0,0,0,0,0,0,0,0,0,0,0,1.74542544,3.13179999999988
1,1,10.4,0.199279360618852,0.198480522998882,0.197601855286467,0.196385222725928,0.194715031388226,0.192804727178965,0.19103865586745,0.189626409198137,0.188480199665671,0.187407881888017,0.186322208663464,0.185233497425457,0.18411898964443,0.182885403988608,0.181480724243818,0.180000757729863,NaN,0,0,0,0,0,0,0,0,0,0,0,0,0,0,0,NaN,2.74970000000008
1,0,4.88,0.134051234612437,0.133144632927981,0.13210070511765,0.131152957054629,0.130439153036456,0.129945580814396,0.12959969909924,0.129341051225009,0.129133421430952,0.128999131657068,0.12902790048878,0.129277702963741,0.129677781839323,0.130078969793709,0.130381219276622,0.130581960508138,0,0,0,0,0,0,0,0.0031940399433043,0,0,0,0,0,0,0,0,7.18258167,2.41380000000004
1,1,5.06,0.247157474656225,0.245653847856074,0.244077819016002,0.242045428248651,0.23938524065053,0.236431446969226,0.233789543917818,0.23178732055794,0.230256258538799,0.228838413139669,0.227355942188125,0.225837054570468,0.224314832516905,0.222725063176113,0.221016754509771,0.219313903562923,0,0,0,0,0,0,0,0,0,0,0,0,0,0,0,0,NaN,3.27179999999998
1,0,2.42,0.198299197525408,0.198638609485384,0.198906270015078,0.198669522462301,0.197676976616606,0.196117004331172,0.194438741556049,0.192983297442812,0.191794559421534,0.190658377875591,0.189291844590136,0.187609979194523,0.185866311753341,0.184456361645159,0.183543117765755,0.182976478144953,0,0,0,-0.0031940399433043,0,0,0,0.0031940399433043,0,0,0,0,0,0,0,0,3.70599603,2.75569999999993
1,0,5.1,0.228557066586749,0.227953623154732,0.227107313284169,0.226071681222942,0.224895218958851,0.2236320463126,0.222468066779194,0.221695419232517,0.221455121926924,0.221601117871129,0.221913482490625,0.222341186414268,0.222955575864756,0.223792763000974,0.224828809562932,0.225992445479935,0,0,0,0,0.0031940399433043,0,0,0,0,0,0,0,0,0,0,0,5.50461615,2.97169999999983
1,2,0.053986503385155,0.518164626354629,0.520366107581665,0.522897898671149,0.526476314741906,0.531395518362219,0.536784887160604,0.541058216312381,0.543299953970137,0.54398837594517,0.54433581006874,0.545224872628768,0.546699163459074,0.547995890281609,0.54804386889648,0.546392902720722,0.54379864194834,0.0894331184123591,0.105403318128881,0.108597358072024,0.108597358072185,0.102209278185576,0.0926271583556634,0.0830450385259119,0.0702688787525333,0.0542986790360118,0.0415225192629559,0.0287463594897387,0.0191642396596644,0.0191642396598258,0.0255523195464344,0.0287463594897387,0.0447165592060988,0.04156251,4.25350000000003
1,1,1.08,0.432384682706871,0.430206493890512,0.428258173758531,0.426391152987731,0.424388761322328,0.422212295228161,0.420233039434224,0.419074945245298,0.419036686070144,0.41974778513817,0.420556853528071,0.42114693331357,0.421603389548357,0.421981731139081,0.422067608734512,0.421734517339684,0,0.0031940399433043,0,0,0,0,0,0,0,0,0,0,0,0,0,0,NaN,14.2227
1,1,1.16,0.42431349319597,0.42788681700043,0.433126890308268,0.439620623752165,0.446334830886677,0.452586629196941,0.458350804417984,0.46407169014265,0.470283280285367,0.477123276348196,0.484064588754506,0.490300500618299,0.495509967803607,0.50003538904516,0.504188067932216,0.507722928488864,-0.0031940399433043,-0.0031940399433043,-0.0031940399433043,-0.0031940399433043,0,0,0,0,0,0,0,0,0,0,0,0,NaN,2.8737000000001
1,0,3.9,0.295577766387831,0.294479898946759,0.293367608629651,0.292219554541225,0.290993440311702,0.289720643087076,0.288449113091022,0.28709354991942,0.285430078254331,0.28336471815097,0.281190016470001,0.279429217472372,0.278394395596886,0.278017445625082,0.278088079957498,0.278457412700966,0,0,0,0,0,0,0,0.0031940399433043,0,0,0,0,0,0,0,0,5.32760052,2.51170000000002
1,3,14,0.241478527143223,0.242443624827986,0.243493107466339,0.244598247402267,0.245729841424598,0.246863293468948,0.247971701605871,0.249029472467811,0.249994685025679,0.250746950634791,0.251097062114871,0.250942863184649,0.250367434306384,0.249522360912152,0.248498749540671,0.247361459859902,0,0,0,0.0031940399433043,0,0,0,0,0,0,0,0,0,0,0,0,NaN,3.17179999999985
1,3,14,0.197992931281024,0.198905598379785,0.200031755622519,0.201182229706017,0.202197240147593,0.203047387508727,0.20383416503198,0.204697860042597,0.205711564960287,0.206863958301901,0.208119177498803,0.209452686210326,0.210846591568061,0.212297135823471,0.213821352422247,0.215449611075975,0,0,0.0031940399433043,0,0.0031940399433043,0,0,0,-0.0031940399433043,0,0,0,0,0,0,0,NaN,3.01369999999997
1,1,0.4,0.19166955167888,0.189316882409232,0.187042798068914,0.184839587566775,0.182672868968001,0.180548337119393,0.178505737391186,0.176600710718481,0.174894271213583,0.173422344314549,0.172192161970688,0.171217987694125,0.170499361078546,0.169957160443513,0.169458830781019,0.168914854782651,0,0,0,0,0,0,0,0,0,0,0,0,0,0,0,0,NaN,2.31169999999997
1,1,2.94,0.202705250462113,0.201392000183178,0.2002556310865,0.199244500257114,0.198364830589583,0.197830236972616,0.197806136256288,0.198176296957653,0.198669325547748,0.19909374156965,0.199349601656835,0.199343335875013,0.199043240166532,0.198553038784703,0.197997227622998,0.197373296753447,0,0,0,0,0,0,0,0,0,0,0,0,0,0,0,0,NaN,3.37169999999992
1,3,14,0.209338438100775,0.208872229054762,0.208332141452293,0.207642937651809,0.206887579908644,0.206208736782185,0.205659054068645,0.205176173562906,0.204711623213958,0.204322271116641,0.204022267730922,0.20351503783606,0.202253219494169,0.199979685674237,0.197137665177097,0.194525353306369,0,0,0,0,0,0,0,0,0,0,0,0,0,0,0,0,NaN,3.31560000000013
1,3,14,0.271541265993214,0.269725527468955,0.268274170679982,0.267112534278673,0.266026677060312,0.264840073258773,0.263544626117923,0.262350160079987,0.261576859736886,0.261368771284874,0.261505393147664,0.261580056191253,0.261353024227111,0.260886837720987,0.260400420714104,0.260065567018907,0,0.0031940399433043,0,0,0,0,0,0,0,0,0,0,0,0,0,0,NaN,2.62969999999996
1,1,9.94,0.256382031000592,0.25928545719161,0.261144852791943,0.26282618228124,0.264820341003753,0.267099151086232,0.269466342070849,0.271834798810884,0.274192217962389,0.276401327284707,0.278171507763244,0.27931780569448,0.279982839854022,0.280528416668309,0.281249838803963,0.282159269650737,0,0,0,0,0,0,0,0,0,0,0,0,0,0,0,0,NaN,2.35979999999995
1,1,8.24,0.18905244873858,0.190070789717512,0.191185501200391,0.191745730485919,0.191406849823441,0.190456893128072,0.189467770402076,0.188751177654214,0.188245987551073,0.187798080234181,0.187378236748332,0.18703846470433,0.186787058688311,0.186570797742613,0.186330278901858,0.186028475935312,0,0,0,0,0,0,0,0,0,0,0,0,0,0,0,0,NaN,2.49170000000004
1,1,1.3,0.204361002096971,0.205065218556771,0.20581518535926,0.206466319455514,0.20700413095355,0.20748633689376,0.207966736320007,0.20846358255483,0.208969806216819,0.20946963676771,0.209946180684321,0.210396734735382,0.210859175243739,0.211403726978386,0.212047766681499,0.212662566757656,0,0,0,0,0,0,0,0,0,0,0,0,0,0,0,0,NaN,2.65180000000009
1,1,0.86,0.182297787987186,0.181597568710987,0.181707268653956,0.182008066787702,0.182123963435514,0.182073003166669,0.182104514809104,0.182490814486808,0.183319334689409,0.184389744189691,0.185365549369082,0.186052480612448,0.186513099960181,0.186953065822715,0.187544544540128,0.188310975722632,0,0,0,0,0,0,0,0,0,0,-0.0031940399433043,0,0,0,0,0.0031940399433043,NaN,2.41390000000001
1,1,0.98,0.177046381948751,0.177154143622913,0.177188043122575,0.17721383069785,0.17720582909835,0.177186004044484,0.177265447239994,0.177512175762285,0.177798723867545,0.177841542046486,0.177443111924995,0.176706140186943,0.176010723870102,0.175763711622074,0.17612338138102,0.176961400979368,0,0,0,0,0,0,0,0,0,0,0,0,0,0,0,0,NaN,2.89560000000006
1,1,1.78,0.217736306704301,0.216579001322796,0.215628853406456,0.215092930816955,0.215114528654637,0.215551524882113,0.215987207675158,0.216002833697928,0.215455683840808,0.21449700272192,0.213341633303097,0.21209327282136,0.210793093317798,0.209519802385382,0.208366647219548,0.207330830774367,0,0,0,0,0,0,0,0,0,0,0,0,0,0,0,0,NaN,2.67979999999989
1,1,5.46,0.213620116699944,0.214706930402605,0.216001372786973,0.217496587847754,0.219193506708501,0.221035840234126,0.222937662201623,0.224868954150546,0.226828272666576,0.228730075000574,0.2304021546638,0.231733909346603,0.232771739547031,0.233643078408881,0.234447874165261,0.235221851173978,0,0,0,0,0,0,0,0,0,0,0,0,0,0,0,0,NaN,3.19570000000022
1,1,3.82,0.224693704619801,0.223883578269809,0.222624494227077,0.221164729856285,0.219642197329147,0.218086943216221,0.216523360316254,0.214985414266311,0.213500534993173,0.212133438685607,0.211005418588816,0.210162278849981,0.209409452778337,0.208386250551696,0.206871704612009,0.204982010747368,0,0,0,0,0,0,0,0,-0.0031940399433043,0,0,0,0,0.0031940399433043,0,0,NaN,2.69370000000004
1,1,1.16,0.210850915130492,0.209820744656393,0.208857828850921,0.208193992854445,0.207961347606011,0.208043026972317,0.208163739229279,0.208108537808561,0.207826883175397,0.207354142085942,0.206697684424886,0.205855887702986,0.204920424184543,0.204067450473113,0.20341659147928,0.202931897310835,NaN,0,0,0,0,0,0,0,0,0,0,0,0,0,0,0,NaN,2.31169999999997
1,3,14,0.15870473875883,0.157579503897542,0.156218470764829,0.154683299574576,0.1531316515333,0.151698548478101,0.150420559601527,0.14925321076029,0.148145783264859,0.147101999341248,0.146183249641885,0.145442337052874,0.144840676078389,0.144304553892099,0.143932491622261,0.144028264318688,0,0,0,0,0,0,0,0,0,0,0,0,0,0,0,0,NaN,3.6377
1,0,0.04,0.261951612985239,0.260261758220895,0.259223226857489,0.258672759223465,0.258299209145921,0.257990818735615,0.25783071233232,0.257949879486302,0.258464005635031,0.259402695674884,0.260624396321946,0.261876419997358,0.26297360242934,0.263929405779003,0.264968426273252,0.266388346503532,0,0,0,0,0,0,0,0,0,0,0,0,0,0,0,0,2.68069857,3.13560000000007
1,2,2.01149712612837,0.421236511375297,0.421871389873451,0.422856000364278,0.423917165484745,0.424965836500072,0.426005418974933,0.426852741139874,0.427142969441116,0.426616544916465,0.42518683760273,0.422752897480893,0.419306910979637,0.415279106673834,0.411430744264555,0.408269596006182,0.40567044827859,0,0,0,0,0,0,0,0,0.0031940399433043,0,0,0,0.0031940399433043,0,0,0,1.99693362,3.27370000000019
1,2,2.7873031747743,0.198016099623615,0.199040929741385,0.20017668723848,0.201518888086019,0.203001375106466,0.204475001418082,0.205847159282034,0.207140956552536,0.20845583850771,0.209887229834186,0.211467104083502,0.213177471046305,0.215004513996139,0.216918590879722,0.218788458942289,0.220409008859005,0,0,0,0,0,0,0,0,0,0,0,0,0,0,0,0,2.77095621,14.2784999999999
1,0,3.18,0.227794948662774,0.229995281892918,0.232414348087082,0.234380523760028,0.235484426423916,0.23592865040127,0.236298698915142,0.237080161861583,0.238367677037792,0.239907297140326,0.241371327595171,0.242606465530472,0.243637618888267,0.244513276073367,0.245237969906937,0.245837220051728,0,0,0,0,0,0,0,0,0,0,0,0,0,0,0,0,4.10395623,14.5966000000001
1,0,1.9,0.274711210469661,0.27320907902077,0.271493069628328,0.269714731690905,0.268120595143096,0.266800962652506,0.265667743789974,0.264708249567024,0.264110628227958,0.264036789720007,0.264399680046016,0.26497180677837,0.265601289074724,0.266235679163153,0.266835153296638,0.267358228493773,0,0,0,0,0,0,0,-0.0031940399433043,0,0,0,0,0,0.0031940399433043,0,0,2.16391692,2.34969999999998
1,2,2.65033741618603,0.289002340159019,0.28962106617051,0.290071221920869,0.290227765009133,0.289952447258067,0.289450455675017,0.289176804160414,0.289400460593387,0.290000996221993,0.290701185291799,0.291360540868735,0.291986345781811,0.292565972165652,0.293002818155483,0.29320733506809,0.293165704632069,0,0,0,0,0,0,0,0,0,0,0,0,0,0,0,0,2.63713626,3.20969999999988
1,1,1.34,0.255099083926247,0.251767709354668,0.248398003511929,0.245249323229639,0.24260139971895,0.240528690027571,0.238832967615208,0.23742755460284,0.236592084180214,0.236555796405753,0.236946816985546,0.236971718037249,0.236196284932955,0.234982170705762,0.234079570303407,0.233899615034576,0,0,0,0,0,0,0,0,0,0,0,0,0,0,0,0.0031940399433043,NaN,14.5745999999999
1,3,14,0.765317007668421,0.768912298179655,0.771928905592499,0.774516595288688,0.77683784220773,0.778719717589529,0.779903781031946,0.780334364971711,0.780085730971877,0.779262453252373,0.778053189943446,0.776678762604929,0.77525345317057,0.773830078630527,0.772557222123277,0.771663860108179,0.0702688787525333,0.0926271583556634,0.121373517845402,0.137343717561924,0.146925837391675,0.137343717561924,0.124567557788706,0.108597358072185,0.0958211982989677,0.0862390784690548,0.0702688787525333,0.0638807988659247,0.0606867589227818,0.0638807988659247,0.0734629186958376,0.0798509985826076,NaN,3.07159999999999
2,1,1.64,0.418415821294159,0.420870892745741,0.423349865459972,0.426177895654361,0.429256084597346,0.432421309057518,0.435674776700865,0.439110674535397,0.44281288612647,0.446843921924643,0.451156666536355,0.455467060294477,0.459402945130074,0.46286494038782,0.466031245327107,0.468871315415615,0,0,0,0,0,0,0,0,0,0,0,0,0,0,0,0,NaN,2.70969999999988
2,1,4.88,0.327855652406744,0.328608138351099,0.329689679567663,0.331063081192885,0.33266130265559,0.334318961657392,0.335789082951946,0.336931340496086,0.337836925927056,0.338717821995192,0.339711265486335,0.340844373779801,0.342179452856727,0.343877272051122,0.345954041575494,0.347998414390209,0,0,0,0,0,0,0,0,0,0,0,0,0,0,0,0,NaN,2.63570000000027
2,0,3.66,0.250186738151928,0.24966227667248,0.249075241588727,0.248829454255718,0.249123727110216,0.249933792920509,0.251228496236753,0.253024894741831,0.255206217879086,0.257432041966589,0.259311366159596,0.260700231800462,0.261871939552973,0.263331528737325,0.265292295543451,0.267248839422953,0,0,0,0,0,0,0,0,0,0,0,0,0,0,0,0,4.84054923,2.67770000000019
2,2,1.44663834070962,0.312782036805688,0.311008373169226,0.309297061113543,0.307631171153923,0.306007953482102,0.304503039595186,0.303179819213534,0.301978316866546,0.300749982644598,0.299424327554401,0.298137938762874,0.297160852598573,0.296649264916763,0.296485451342361,0.296381641189198,0.29611104080418,0,0,0,0,0,0,0,0,0,0,0,0,0,0,0,0,1.43598972,2.35159999999996
2,2,1.4896275934052,0.224119411549401,0.223622641512803,0.223046880225467,0.222357031552371,0.221569993957558,0.2208186184145,0.220295960829196,0.220080561266968,0.22002246808801,0.21985509152552,0.219423178702056,0.218768733990285,0.218027168015972,0.217302743995214,0.216607523146593,0.215830313020536,0,0,0,0,0,-0.0031940399433043,0,0,0,0,0.0031940399433043,0,0,0,0,0,1.47505248,14.2727
2,0,4.14,0.229920850875142,0.230496740881671,0.231148164780601,0.231858343960197,0.232600764008056,0.233335894368591,0.234043977518591,0.234760542337968,0.235456166686993,0.235783510230641,0.235129037824726,0.233220268881775,0.230627282377962,0.228361202288264,0.226964208956696,0.226205259111538,0,0,0,0,0,0,0,0,0,0,0,0,0,0,0,0,4.19894673,14.6165000000001
2,2,1.13871532140169,0.245958468410325,0.244944225271997,0.244033560228718,0.243025569648738,0.241951831182572,0.240955617781617,0.240175413597022,0.239665697212884,0.239384871212393,0.239257724248087,0.239222083856804,0.239237340403218,0.239318718831953,0.239546314165419,0.239962643191355,0.240467092892029,0,0,-0.0031940399433043,0,0,0,0.0031940399433043,0,0,0,0,0,0,0,0,0,1.12448754,2.47190000000001
2,0,0.26,0.152263415754363,0.151962337208516,0.151982374092814,0.152488562300031,0.153332762619084,0.154121883489029,0.154608344930489,0.154858584328499,0.155060712231195,0.155298549244829,0.155555413206141,0.155858932816335,0.156321738567449,0.157009749583888,0.157828421209781,0.158601960032493,0,0,0,0,0,0,0,0,0,0,0,0.0031940399433043,0,0,0,0,1.14945171,14.6185999999998
2,2,2.05348662876126,0.359664375033229,0.355784425975483,0.352021982725235,0.349270811528791,0.347287479747741,0.34547924410771,0.34363173621836,0.341830696375285,0.34000862727908,0.33784856584467,0.335133171219334,0.332011036334884,0.328830351937896,0.325803911898678,0.32290118974452,0.319981503271139,0,0,0,0,0,0,0,0.0031940399433043,0,0,0,0,0,0,0,0,2.04026262,2.81179999999995
2,2,1.03374156481945,0.16800675643657,0.166969800560692,0.165902208368052,0.164896400114536,0.164085576757339,0.163530999503645,0.163158155882203,0.162848686032878,0.162560347268989,0.162320519380406,0.162143564226231,0.162000547525221,0.161869838196582,0.16180847139448,0.161950698899702,0.162393038769804,0,0,0,0,0,0,0,0,0,0,0,0,0,0,0,0,1.01753157,14.6545999999998
2,0,3.06,0.180024091659947,0.180662709579681,0.181003559196745,0.181244863274279,0.181451439531104,0.181545127124721,0.18142810324654,0.18111332776496,0.180691320389366,0.180124544245128,0.179184043849692,0.177734149782499,0.176019144168838,0.174510549339359,0.173485153247377,0.172876052332914,0,0,0,0,0,0,0,0,0,0,0,0,0,0,0,0,3.99453384,14.6565000000001
2,0,4.3,0.415939009072824,0.413595895417183,0.410406298327058,0.406640164455115,0.40267288469344,0.398593603889483,0.394349855452439,0.390165542224058,0.386549793521,0.383842520379072,0.38194480461266,0.380538270479023,0.379366977958716,0.378316112558033,0.377468046660134,0.37708287063778,0,0,0,0,0,0,0,0,0,0,0,0,0,0,0.0031940399433043,0,4.35176478,2.58179999999993
2,2,1.27668083005265,0.217660901523608,0.217010488201356,0.216178302206068,0.215195371988102,0.214230636400082,0.213492001546091,0.213052224820282,0.21275868500625,0.212360039305911,0.211747968645061,0.211047069372146,0.210444857213635,0.209976946917689,0.209573465598023,0.209330101309331,0.209571380863538,0,0,0,0,0,0,0,0,0,0,0,0,0,0,0,0,1.25890743,3.35570000000007
2,0,0.42,0.150215717532069,0.14916033979364,0.148286550277632,0.14766995974727,0.147254812987876,0.14692657684035,0.146620569259204,0.146344985253699,0.146136100479348,0.146010125991437,0.145946169544932,0.145903822518566,0.145851959953659,0.145801888900452,0.145843854247506,0.14611940990291,0,0,0,0,0,0,0,0,0,0,0,0,0,0,0,0,1.5205146,14.5126
2,2,1.31667083256017,0.24894051328797,0.249082500658248,0.249486353972341,0.250713748870855,0.25303565684157,0.255891811538918,0.25822408019763,0.259434379799377,0.259868675722441,0.260359755380255,0.261455253134646,0.263042083694627,0.26446108792581,0.264953941569562,0.264222777727678,0.262615276619056,0,0,0,0,0,0,0,0,0,0,0,0,0,0,0,-0.0031940399433043,1.30546944,2.28800000000001
2,0,0.18,0.247399117192032,0.246518924593199,0.245623761611982,0.244708724658018,0.243796004574853,0.242841681541655,0.241732822684644,0.240414193151474,0.238988413845599,0.237634312065345,0.236435807092818,0.235350356521163,0.234348097373191,0.233494191104243,0.232791682278276,0.231939406265097,0,0,0,0,0,0,0,0,0,0,0,0,0,0,0,0,1.39299402,14.3784000000001
2,2,0.565858535481439,0.229423567519929,0.229165560437171,0.228907019795062,0.22857853620955,0.228130221472889,0.227619463142563,0.227183326172084,0.226898796800869,0.226661494463581,0.226222620370719,0.225386924353651,0.224220445609778,0.223100522143046,0.222507863964892,0.222605182043827,0.222955014906448,0,0,0,0,0,0,0,0,0,0,0,0,0,0,0,0,0.5506116,2.63580000000002
2,2,5.47263184315441,0.197673171950897,0.198126642828302,0.198628049292461,0.198826226098887,0.198542551083606,0.197913092261221,0.197175103898894,0.196415868127265,0.195605482190612,0.194788832933756,0.194124002486987,0.19372567930716,0.193547277227454,0.193439898224215,0.193277377036504,0.193035226475865,0,0,0,0,0,0,0,0,0,0,0,0,0,0,0,0,5.46348693,14.2886000000003
2,2,5.64258935381138,0.165013739014192,0.164020322278187,0.16297540128276,0.161692896523831,0.160132860500941,0.158558578742685,0.157417291297789,0.156924659398458,0.156799518623696,0.156511585188077,0.155767817183197,0.154683420216642,0.153535545989995,0.152478414639662,0.151509577829268,0.150606699491771,0,0,0,0,0,0,0,0,0,0,0,0,0,0,0,0,5.62940367,14.5386000000003
2,0,8.06,0.165157430430103,0.164832208891671,0.164335771802889,0.164051106639378,0.16416895520132,0.164518406874574,0.164752934649952,0.164670129649193,0.164339099108543,0.163983782625822,0.163797803381532,0.163811478488283,0.163847713517005,0.163632333920735,0.163035357643364,0.162215154432936,0,0,0,0,0,0,0,0,0,0,0,0,0,0,0,0,10.32636726,14.5386000000003
2,2,3.31517120787359,0.295966778362756,0.302966134418886,0.310813605680091,0.317678720444714,0.322521751569588,0.325859931429318,0.32892532835388,0.332469063626013,0.336514027088362,0.340941099223336,0.345930480950438,0.351618792940522,0.357410816649457,0.362024349969947,0.364526658284663,0.365331217471201,0,0,0,0,-0.0031940399433043,-0.0031940399433043,-0.0031940399433043,-0.0031940399433043,0,0,0,0,-0.0031940399433043,0,-0.0031940399433043,0,3.30016995,3.17579999999998
2,2,2.0084978759403,0.192354493889794,0.193037954592819,0.194177678212351,0.195054926580794,0.195238271469272,0.194877079602445,0.194372950395455,0.193961200022715,0.1936250868538,0.193234857684144,0.192679083453297,0.191907157882469,0.190878890823484,0.189517219018076,0.187782753127239,0.18576371777259,0,0,0,0,0,0,0,0,0,0,0,0,0,0,0,0,1.9954671,14.3764000000001
2,0,3.16,0.151645778075272,0.152118468160007,0.15252931400865,0.152891414657369,0.15321405381039,0.15342480239494,0.153465985548559,0.153402613877518,0.153380988608153,0.153499972326319,0.153757295551231,0.154092803449856,0.154443111398752,0.154796828259667,0.155257094177271,0.156005528637621,0,0,0,0,0,0,0,0,0,0,0,0,0,0,0,0,4.16908305,15.0342999999998
2,2,0.327918020561682,0.247697313809593,0.248218906615362,0.248279676500071,0.247724983095336,0.246697906720351,0.24541977390532,0.244044436268004,0.242795910658919,0.242034965456262,0.241989334550738,0.242491160015626,0.243098140336127,0.243440448058069,0.243461787800979,0.243440387502519,0.243775135239438,0,0,0,0,0,0,0,0,0,0,0,0,0,0,0,0,0.31446855,3.05349999999999
2,2,3.38515371226175,0.20676072636935,0.207090535720362,0.207446319203784,0.207822229505981,0.208125643150578,0.208177140631448,0.207883934374898,0.207393775063655,0.207002879585651,0.206901574428297,0.207030164397066,0.207148828052747,0.207020475116592,0.2065732802699,0.205931202255142,0.20528323226146,0,0,0,0,0,0,0,0,0,0,0,0,0,0,0,0,3.36633,14.3784000000001
2,0,1.24,0.131145117776161,0.131811529170585,0.132786773979802,0.13387511875175,0.134948341199166,0.135965757272522,0.136940930461422,0.137933887308819,0.13897094160321,0.13988180202972,0.140320689726778,0.140127957364913,0.139652502049155,0.139534914360237,0.140113056919271,0.141147274337704,0,0,0,0,0,0,0,0,0,0,0,0,0,0,0,0,3.30090321,14.7743
2,2,1.59960010030089,0.233647699485065,0.230048557318756,0.227619780769372,0.227213770408669,0.228339666348112,0.22962874169314,0.229917181010329,0.228955603965598,0.227355482321693,0.225941916772213,0.22511256904186,0.224759033780231,0.224623250588856,0.224559786165598,0.224549743033237,0.224670246293869,0,0.0031940399433043,0,0,0,0,0,0,0,0,0,0,0,-0.0031940399433043,0,0,1.58647467,2.59569999999985
2,1,1.08,0.22803277613196,0.228208384149175,0.228469200426453,0.228790547390628,0.22926452217942,0.22996170299879,0.230758179461757,0.231400450450897,0.231744930031696,0.231864371558512,0.231911835047986,0.231960445480788,0.232015267845651,0.232118021671221,0.232362788666618,0.232820265268993,0,0,0,0,0,0,0,0,0,0,0,0,0,0,0,0,NaN,14.5706999999998
2,0,1.06,0.183386331405436,0.183369657440473,0.183487504692967,0.183848573069392,0.184493608584698,0.185271292669688,0.185959935391447,0.186496741259442,0.186950525153713,0.187231526014667,0.187005570250003,0.18606273808926,0.184680257584417,0.183429511279801,0.182599420641394,0.181894373278274,0,0,0,0,0,0,0,0,0,0,0,0,0,0,0,0,1.89291069,2.93769999999995
2,2,2.98225443699847,0.240789120788471,0.242232780967222,0.243493025281067,0.244428222185155,0.245084701909321,0.245560717196458,0.245882331649965,0.246081477265064,0.246332650083117,0.246904794003969,0.247921305614995,0.249207767589351,0.250443135240991,0.251443724370911,0.252261726377004,0.25305895381867,0,0,0,0,0,0,0,0,0,0,0,0,0,0,0,0,2.9677032,3.11380000000008
2,0,3.54,0.220066226581056,0.223391430253041,0.226460600857704,0.228738490052113,0.230370683715835,0.231981704061249,0.234192029521144,0.237156448024694,0.240371232738899,0.243019635615934,0.244704356756505,0.2458630581756,0.247388531990166,0.249841742937451,0.253021651809358,0.256159507198071,0,0,0,0,0,0,0,0,0,0,0,0,0,0,0,0,4.0199313,14.8186000000001
2,0,1.42,0.6094705861435,0.615453198632935,0.626720332386096,0.638655145385901,0.647608707595053,0.652900607340456,0.656217436621252,0.659607470061769,0.663833849397787,0.668257159261747,0.671952757035631,0.674759703532404,0.677101743487396,0.678823963639737,0.678816676240549,0.676388629367783,0.0766569586391419,0.0766569586391419,0.0734629186958376,0.0670748388093904,0.0606867589226204,0.0606867589227818,0.0479105991494032,0.0351344393763473,0.0159701997165215,0,-0.0031940399433043,-0.0031940399433043,0.00638807988660861,0.0159701997163601,0.0223582796031301,0.0383284793196516,2.01036561,2.41170000000011
2,1,1.74,0.904285715535279,0.90599596020797,0.90714295862585,0.907911371800456,0.908517345730785,0.908971750179049,0.909201886137967,0.909403020114585,0.910052550306917,0.911394357442218,0.912940998214209,0.913699481543631,0.913034253610526,0.911277825741372,0.909500720564212,0.908732537530491,0.0255523195464344,0.0415225192627946,0.0670748388093904,0.0798509985824462,0.0958211982989677,0.108597358072185,0.111791398015489,0.105403318128881,0.0862390784690548,0.0606867589226204,0.0415225192629559,0.0287463594897387,0.0287463594895773,0.0351344393763473,0.0542986790360118,0.0702688787526947,NaN,3.11969999999974
2,2,2.12646838333749,0.478596925721649,0.477084419599913,0.475784075085037,0.474750606367422,0.473993997655906,0.473553443925846,0.473518740743626,0.47391473992217,0.474604600299078,0.47541363357644,0.476306557306479,0.477346723432459,0.478522794674974,0.479711366978626,0.48085803905458,0.482200164479594,0,0,0,0,0,0,0,0,0,0,0,0,0.0031940399433043,0,0,0,2.11168881,2.71379999999999
2,0,2,0.289860695324857,0.290414713801555,0.291239458337932,0.292502162725287,0.294111768478323,0.295821272016993,0.29741628500958,0.298879056255336,0.30050352247827,0.302768348780327,0.305871876592158,0.30939267300112,0.312591077332858,0.315036657541358,0.316789417984125,0.318063116759496,0,0,0,0,0,0,0,0,0,0,0,-0.0031940399433043,0,0,0,0.0031940399433043,4.91924136,14.8366000000001
2,2,6.8042989266549,0.275330482469742,0.273992889807796,0.27380898646679,0.274496623098888,0.275479180271825,0.276377581877618,0.277061871960526,0.277468737102822,0.277597166247607,0.277542007926807,0.277326006787149,0.276784086789318,0.275807138194255,0.27466125817814,0.273871305920788,0.27374664431263,-0.0031940399433043,0,0,0,0,0,0,0,0,0,0,0,0,0,0,0,6.79282065,3.51170000000002
2,0,1.8,0.18113766362165,0.180794804424702,0.180407565892159,0.17997286427127,0.179375055061524,0.178408383005727,0.177012554304402,0.175521811974076,0.174511858182175,0.174294683519622,0.17466512572828,0.175195271177021,0.175643740358139,0.176038536811556,0.176527926119539,0.177242241956255,0,0,0,0,0,0,0,0,0,0,0,0,0,0,0,0,1.99870011,14.7163999999998
2,2,2.80229942571462,0.271174900406739,0.270694264075225,0.271118251147084,0.272724298066664,0.274859829689088,0.276455673838775,0.27700567099638,0.277000990759242,0.277354110054621,0.278508251627909,0.280239019828572,0.282209547668903,0.284416824173427,0.287029483223835,0.290069303731511,0.29341515996483,0,0,0,0,0,0,0,0,0,0,0,0,0,0,0,0,2.7887211,2.75170000000026
2,0,4.38,0.231778653639788,0.231055120961117,0.229945872478578,0.228629829077125,0.227380183115102,0.226352368368787,0.225538251188348,0.224858604125749,0.224232498361549,0.2236278586842,0.22315078473697,0.223028529311986,0.223390156101039,0.224105562893969,0.224917966448713,0.225665926863425,0,0.0031940399433043,0,0,0.0031940399433043,0,0,-0.0031940399433043,0,0,0,0,0,0,0,0,5.27453916,14.9346999999998
2,2,1.45163709102306,0.211298681316117,0.213123695791014,0.214949892893635,0.216527761746287,0.217741866294946,0.218524818691627,0.218730323937094,0.218283150412554,0.217438441052282,0.216700579632465,0.21642831193452,0.216549971485074,0.216603277665774,0.216049773497921,0.214702429749378,0.212917368293045,0.0031940399433043,0,0,0,0,0,0,0,0,0,0,0,0,0,0,0,1.43295669,2.51380000000017
2,2,0.901774556544625,0.149907579951203,0.149896152028672,0.149987604489255,0.150337599936957,0.151089303431089,0.15217441253502,0.153221302863977,0.153738706012564,0.153545669143394,0.153079038266348,0.153119261707209,0.154032467328337,0.155295607153417,0.15591009178734,0.155324791456485,0.15386300445666,0,0,0,0,0,0,0,0,0,0,0,0,0,0,0,0,0.887844539999999,14.6145000000001
2,0,3.58,0.147579308929957,0.146717654356055,0.145782244090495,0.144823571020029,0.14390136961155,0.143090026020187,0.142402359555219,0.141794227940333,0.141303598949524,0.141097211682069,0.141285407155769,0.141754947239186,0.142272529707932,0.142696925582298,0.143015968104605,0.143235313125337,0,0,0,0.0031940399433043,0,0,0,0,0,0,0,0,0,0,0,0,4.4465553,14.3925999999997
2,0,0.72,0.270751767925715,0.270662337455826,0.270644252149478,0.270637808870494,0.270652090596294,0.270651549801604,0.270543023945611,0.270263976744644,0.269806859517761,0.269147877153801,0.268241925483721,0.267146007321171,0.266108934478813,0.265456842927465,0.265340476450102,0.265630370365757,0,0,0,0,0,0,0,0,0,0,-0.0031940399433043,0,0,0,0,0,1.48565142,3.01170000000002
2,2,0.392901774636406,0.261394206973555,0.2618696410651,0.262010329826843,0.261603415531319,0.260783699286347,0.259894674141373,0.259195449354378,0.258727891765807,0.258397278486311,0.258117438505336,0.257864147374468,0.257615410149421,0.257295796637055,0.25681996291313,0.256204018290204,0.255634194585448,0,0,0,0,0.0031940399433043,0,0,0,0,0,0,0,0,0,0,0,0.37439589,4.95749999999998
2,2,4.20194951347789,0.158665545042292,0.158740490742858,0.158893540274419,0.159264231564096,0.159921905962873,0.160670314927836,0.161141537318682,0.161137090704085,0.160809911773719,0.160472591952332,0.160298033293381,0.160250550405195,0.160230825715529,0.160201501511395,0.160189784405292,0.160239678645125,0,0,0.0031940399433043,0,0,0,0,0,0,0,0,0,0,0,0,0,4.18331496,14.5987
2,0,0.16,0.27213828627208,0.272392469768796,0.272512519337285,0.27253138415426,0.272389397090757,0.272063313472622,0.27159036827725,0.271004020592908,0.270278554063504,0.269333855296834,0.268121526471185,0.266712948047661,0.265273505269842,0.263948081153834,0.262769121911463,0.261648164625359,0,0,0,0,0,0,0,0,0,0,0,0,0,0,0,0,1.31693496,14.3164999999999
2,0,0.88,0.244367881763611,0.243344320368372,0.241467946651758,0.239310018707983,0.237197055852228,0.235272532257576,0.233736713361968,0.232759862509768,0.232217973036047,0.231676332904355,0.230683994733674,0.229091009087454,0.227078096334056,0.224900173872713,0.222703417754164,0.220618624956074,0,0,0,0,0,0,0,0,0,0,0,0,0,0,0,0,1.34909841,2.85390000000007
2,2,0.787803049398187,0.224801894771538,0.223443886523574,0.221991620754924,0.220567544382209,0.219333913067446,0.218510272463129,0.218175820694423,0.218175777855127,0.218367432968474,0.218835482839695,0.219693749865355,0.220767011721512,0.221655101789747,0.222099087422536,0.222161087316846,0.222062809827737,0,0,0,0,0,0,0,0,0,0,0,0,0,0,0,0,0.77308935,2.45550000000003
2,2,1.56560859816949,0.211640721127377,0.211020603461808,0.210404234943886,0.209811681131801,0.209248681870496,0.208806902293369,0.208655549120178,0.208886745148014,0.20942474484837,0.210136156525166,0.210955583981438,0.211844957347044,0.212696327246663,0.213357002573678,0.213740734625469,0.213847504113863,0,-0.0031940399433043,0,0,0,0,0.0031940399433043,0,0,0,0,0,0,0,0,0,1.55391126,14.4724999999999
2,0,2.54,0.174022610681765,0.176049377330679,0.177961357189764,0.180181876584398,0.182895516572655,0.185751645150403,0.188093571299307,0.189550822556178,0.190351300637704,0.191047099335666,0.192042859187576,0.193389605250823,0.194892979873633,0.196337648018743,0.197614033110644,0.198669901739,0,0,0,0,0,0,0,0,0,0,0,0,0,0,0,0,3.09582372,14.2365999999997
2,2,0.349912521940819,0.265065554537784,0.265408223618864,0.265698235679275,0.265899939632793,0.265950928419518,0.265636525879996,0.264596725335638,0.262678988841364,0.260249346547244,0.257936442525001,0.25607092252025,0.254534421834598,0.253123511205033,0.251855376377999,0.250837348231897,0.249974810827501,0,0,0,0,0,0,0,0,0,0,0,0,0,0,0,0,0.33366663,2.70980000000009
2,0,6.32,0.250239592680468,0.249171048537454,0.24836798275831,0.248022538675878,0.248487541525423,0.249919874786154,0.251870706431915,0.253491365643254,0.254233228247195,0.254269078321182,0.254293409496895,0.254986873563572,0.256508274830975,0.258332466268141,0.259659334277815,0.260075006980082,0,0,0,0,0,0,0,0,0,0,0,0,0,0,0,0,7.34866506,15.0185999999999
2,2,1.31867033268554,0.234923861105667,0.234764923210613,0.234064698007372,0.232923905277784,0.231898309299315,0.231638190778777,0.232394951168576,0.233876168541076,0.235616557049056,0.237339066481061,0.238883000136019,0.240029941517587,0.240626371001009,0.240789281419629,0.24084369284441,0.241069659498742,0,0,0,0,0,0,0,0,0,0,0,0,0,0,0,0,1.30330299,2.13380000000006
2,0,0.5,0.206230013717832,0.206182629874037,0.206113001852263,0.206070997883422,0.205943492311609,0.205526587251952,0.204708023835043,0.203595247841592,0.202443125362321,0.201466106480678,0.200709903897385,0.200055903044709,0.199335896323988,0.1984653441555,0.197487591433574,0.196515069761507,0,0,0,0,0,0,0,0,0,0,0,0,0,0,0,0,1.2595407,14.7384999999999
2,2,3.1972007004764,0.310844617860227,0.310205521209217,0.3097149019103,0.30916869430349,0.308369747781348,0.307336731279977,0.306475461515812,0.306411949509225,0.307424855555705,0.309057253413413,0.310478921737674,0.311249355729067,0.311625402545257,0.312161317524602,0.313145246446273,0.314457047314245,0,0,0.0031940399433043,0,0,0,0,0,0,0,0,0,0,0,0,0,3.1790154,2.29790000000003
2,1,5.36,0.141235208666399,0.142122668637361,0.142917552779812,0.143485942306634,0.143804557881507,0.143856499885732,0.143616977477281,0.143164825917419,0.14272001361113,0.142515300474098,0.14263707088939,0.143018159166617,0.143568949548055,0.144234037220561,0.1449052326644,0.145391702922235,0,0,0,0,0,0,0,0,0,0,0,0,0,0,0,0,NaN,14.2925
2,1,5.14,0.175586974153608,0.176120294396277,0.176639470624392,0.17704031126725,0.177247895582774,0.177317479138342,0.177369548254631,0.177469008767579,0.17761168547188,0.177802925298902,0.178086259975276,0.178452233312408,0.178730442528206,0.178651558358329,0.178079669354562,0.177132397169131,0,0,0,0,-0.0031940399433043,0,0,0,0,0,0,0,0,0.0031940399433043,0,0,NaN,2.69360000000006
2,0,3.98,0.199040242659136,0.198681358268864,0.19833289864031,0.198164673411783,0.198156435848355,0.198043834437319,0.197456082913525,0.196243154042937,0.194664881645377,0.193161641303518,0.191974472317867,0.19108163937563,0.190428832978596,0.190045884382258,0.189893280519368,0.189689448851763,0,0,0,0,0,0,0,0,0,0,0,0,0,0,0,0,4.37292933,2.7516999999998
2,2,1.32466883306167,0.269468015243992,0.268685985275743,0.267515131978399,0.265718372105796,0.263446531272106,0.26106146281533,0.258839793225409,0.256800399273823,0.254654768666483,0.251958406762428,0.248550241437341,0.244909425892825,0.241878308249924,0.239916477919881,0.238741629623269,0.237734401865048,0,0,0,0,0,0,0,0,0,0,0,0,0,0,0,0,1.31060226,2.97159999999985
2,1,10.72,0.17041355221701,0.16954527640475,0.168593210533803,0.167763285706757,0.167061014992978,0.16621924552056,0.164823259278102,0.162679511317313,0.160061622881133,0.157480208362868,0.155225258506872,0.153186393379318,0.151051385045111,0.148606787691042,0.145910706161452,0.143290954884778,0,0,0,0,0,0,0,0,0,0,0,0,0,0,0,0,NaN,14.8186000000001
1,0,1.7,0.198955621437552,0.198662915587738,0.198372951353828,0.198187021040225,0.198034624486781,0.197740126890487,0.197179112994462,0.196406458985632,0.195664268182688,0.195240247332492,0.195237092976495,0.195451027524995,0.19553282844059,0.19530472248937,0.194906051586598,0.194631932771776,0,0,0,0,0,0,0,0,0,0,0,0,0,0,0,0,2.57860878,2.57180000000017
1,2,1.246688328172,0.32827450798595,0.324767788831963,0.32146379684892,0.318099512457974,0.314728230849874,0.3116176182123,0.309076824002669,0.307239579842333,0.305999848801821,0.30519622904787,0.304737742451097,0.30450540202422,0.304285767775696,0.303882985000989,0.303205667301226,0.302164503629314,0,0,0,0,0,0,0,0,0,0,0,0,0,0,0,0,1.23181014,2.47170000000006
1,0,5.38,0.175022415465768,0.174289943941853,0.17347583437465,0.172504411619062,0.171411447695429,0.170374123459481,0.169617944048511,0.169243049004049,0.16915917772611,0.169209367552621,0.169295342248952,0.169360941943223,0.169347331718391,0.169228079763684,0.169035918508119,0.168799081792764,0,0,0,0,0,0,0,0,0,0,0,0,0,0,0,0,7.15821744,14.4146000000001
1,0,0.54,0.210795335671098,0.209697892500599,0.208597902412369,0.207789470878262,0.207392267353641,0.207229908986023,0.207003151708276,0.206563292982275,0.205967478472387,0.2053046204439,0.204563682548389,0.203689031571431,0.202679449366063,0.201582055490643,0.200430947076186,0.199226052769858,0,0,0,0,0,0,0,0,0,0,0,0,0,0,0,0,0.972002789999999,2.27179999999998
1,0,0.62,0.179164303698821,0.17786108667132,0.177301316583108,0.176893663906371,0.176193663183137,0.175156797239793,0.174072060937491,0.173308744319459,0.17305826253497,0.173288226157084,0.173879152900742,0.174698378487272,0.175633529047107,0.176751249778217,0.17834386575516,0.180566745039001,0,0,0,0,0,0.0031940399433043,0,0,0,0,0,0,0,0,0,0,0.989434379999999,2.31790000000001
1,2,0.595851037362081,0.190926153254581,0.189290300017012,0.187559586515654,0.185673294829233,0.183588613669623,0.181521798589026,0.179886190163189,0.178915042026787,0.178448208978382,0.178152437365273,0.177838079118988,0.177501992386875,0.177179127233068,0.176853209771974,0.176501897826536,0.176188459573286,0,0,0,0,0,0,0,0,0,0,0,0,0,0,0,0,0.57790887,2.49980000000005
1,1,0.56,0.178105519580926,0.177500353683268,0.176684283936499,0.17570550712972,0.174624230435893,0.173554251489117,0.172666393641423,0.17206391689356,0.171678099529718,0.171326029432901,0.170855219870832,0.170233156193379,0.169538353608546,0.168882123715255,0.168318190988003,0.167801888271925,0,0,0,0,0,0,0,0,0,0,0,0,0,0,0,0,NaN,14.3924999999999
1,1,2.8,0.239761068048074,0.240746245453253,0.241357334429415,0.241698584754862,0.241855108447582,0.241844843416311,0.241568056429844,0.240921907458224,0.239910364328168,0.238591643689833,0.237043370436474,0.235433091774745,0.233982765920611,0.232787023679349,0.231769108575961,0.230879476884091,0,0,0,0,0,0,0,0,0,0,0,0,0,0,0,0,NaN,2.47389999999996
1,1,0.66,0.125312700973847,0.124833629341773,0.124461629151386,0.124213836919616,0.124045509701296,0.123887824197945,0.123714504826931,0.123511829193818,0.123158990984423,0.122423255859748,0.121184825513693,0.119639235821917,0.118173336561124,0.117037851416618,0.116173659536771,0.115300396860704,0,0,0,0,0,0,0,0,0,0,0,0,0.0031940399433043,0,0,0,NaN,2.1558
1,0,5.22,0.129903461292879,0.132205305777882,0.134224724275929,0.135737852517464,0.136863976043269,0.137875799414957,0.138933817827532,0.140016930512167,0.140980479694566,0.141647805958838,0.141964930208013,0.142113920342192,0.14239671623505,0.142976647415225,0.143781168307104,0.14464875377408,0,0,0,0,0,0,0,-0.0031940399433043,0,0,0,0,0,0,0,0,5.95083819,3.09180000000015
1,1,3.6,0.227205547107181,0.230629426473282,0.234766160864516,0.238553661450737,0.241364917143647,0.243341689756738,0.244906034306919,0.246288791735238,0.247543999489752,0.2487250545528,0.249907936075896,0.251108419188522,0.252221615906157,0.25307507301683,0.253598512463628,0.253924067289388,0,0,0,0,0,0,0,0,0,0,0,0,0,0,0,0,NaN,3.25360000000001
1,1,3.88,0.304510525170653,0.303010906615512,0.301162431159243,0.299192530625973,0.297161636303206,0.295038427260554,0.292931412750984,0.291092010936527,0.289674724586225,0.288618647161906,0.287803421962936,0.28719139886964,0.286732562910552,0.286211509003509,0.285315734227818,0.283902975568045,0,0,0,0,0,0,0,0,0,0,0,0,0,0,0,0,NaN,2.27170000000024
1,1,6.44,0.211243677320807,0.210851729017034,0.210448752459053,0.210021364145947,0.209562139351977,0.209078782872735,0.208623304229001,0.208288320881235,0.208137715492716,0.208139890399411,0.208175056270752,0.208109783359039,0.207925052067152,0.207841206586072,0.208238411695791,0.209290858015398,0,0,0,0,0,0,0,0,0,0,0,0,0,0,0,0,NaN,2.51980000000003
1,1,4.84,0.219526037799716,0.218866757498728,0.21801954982575,0.216930113344311,0.215782880505504,0.214843028145819,0.214225124624517,0.213822059175688,0.213470324047864,0.213121815652898,0.212790368237152,0.21236763190121,0.211613020741319,0.210398763418343,0.20889400002706,0.207416542287064,-0.0031940399433043,0,0,0.0031940399433043,0,0,0,0,0,0,0,0,0,0,0,0,NaN,2.87390000000005
1,1,8.74,0.189716053308709,0.189093907818891,0.188695380078998,0.18875100836665,0.189364865172219,0.190225481723147,0.190759462538933,0.190633626167676,0.190010866849285,0.189306505891795,0.188808473894128,0.188552455704308,0.188451222284619,0.18844966375432,0.188542063559976,0.18869298242001,0,0,0,0,0,0,0,0,0,0,0,0,0,0,0,0,NaN,2.95370000000003
1,0,1.14,0.298853824075407,0.296798829209035,0.29492605217907,0.293320470829485,0.291886212437486,0.290341526401086,0.288510930411237,0.286526518051389,0.284699823140607,0.283223297563152,0.282015230886073,0.280814839354747,0.27938917398709,0.277685514619149,0.275836917178878,0.274028120498473,0,0,0,0,0,0,0,0,0,0,0,0,0,0,0,0,1.93317333,2.97550000000001
1,0,0.2,0.304685727285269,0.306566613511996,0.307941284245965,0.308496922700713,0.30834750562882,0.307792979184878,0.307053078567626,0.306218322736184,0.305234252137505,0.303914416133783,0.302139168560519,0.300057202533456,0.297986336917313,0.296096094105297,0.29421812055699,0.291986607481068,0,0,0,0,0,0,0,0,0,0,0,0,0,0,0,0,3.14538543,3.1896999999999
1,1,6.58,0.413162295384638,0.410435568638918,0.407953511895837,0.405538959040591,0.403148084909355,0.400862615609718,0.398849166073623,0.397213117471288,0.395877946469136,0.394659868908552,0.393468224631936,0.39244871705296,0.391919383610609,0.392080068490869,0.39275542496666,0.393460554384302,0,0,0,0,0,0,0,0,0,0,0,0,0,0,0,0,NaN,2.99369999999999
1,1,2.02,0.171863368616693,0.17256104215894,0.173731314358669,0.175097118355333,0.176611017919475,0.178350218911718,0.180225101626506,0.181972644811578,0.183439361241826,0.184753142324247,0.186160202960857,0.187754529937218,0.189463715562565,0.191293535888854,0.193436534164077,0.196014478412597,0,0,0,0,0,0,0,0,0,0,0,-0.0031940399433043,0,0,0,0,NaN,3.20760000000018
1,1,0.08,0.163572664505918,0.163394845804641,0.16321587113102,0.163132096572509,0.163177319065575,0.163284679634798,0.163338307807665,0.1632877116564,0.163217461708258,0.163285246596887,0.163576409163515,0.164033005354513,0.164527691908386,0.164975746857153,0.165375276590124,0.165784481263897,0,0,0,0,0,0,0,0,0,0,0,0,0,0,0,0,NaN,2.35200000000032
1,1,3.26,0.211949259875252,0.210777812475703,0.209604749590162,0.208583001928767,0.207758844012527,0.207061035708999,0.206506659788387,0.206296420713688,0.206575684443001,0.207172313653543,0.207703815369697,0.207934241141328,0.207969357340698,0.208132852699162,0.208683531918221,0.209567460062683,0,0,0,0,-0.0031940399433043,0,0,0,0,0,0.0031940399433043,0,0,0,0,0,NaN,2.78980000000001
1,1,3.42,0.175217600822913,0.173903335220035,0.172681354956215,0.171554627347965,0.170501261170824,0.169475001924187,0.168442074525831,0.167403654223002,0.166393285708301,0.165456457221305,0.164617367255748,0.1638635153764,0.163163818997298,0.162488862444796,0.161822569455131,0.161183366060326,0,0,0,0,0,0,0,0,0,0,0,0,0,0,0,0,NaN,2.6896999999999
1,1,8.78,0.156261363364338,0.155584518009247,0.155044917650556,0.154464585866584,0.153724231388361,0.1528783980122,0.15204886992594,0.151270516116142,0.150507292975413,0.149811201056769,0.149364712834102,0.149258024540667,0.149244145268003,0.148855804459725,0.147847057631334,0.146451600665593,0,0,0,0,0,0,0,0,0,0,0,0.0031940399433043,0,0,0,0,NaN,2.67000000000007
1,3,14,0.342635074749794,0.34492709865666,0.347196462400063,0.34927173661551,0.351050314722494,0.352616790533408,0.354218081072321,0.35609006939759,0.358299109783598,0.36078487440112,0.363517491728507,0.366405237959758,0.368955057018973,0.370334043850387,0.370094332249895,0.36868687181332,0,0,0,0,0,0,0,0,0,0,0,0,0,0,0,0,NaN,2.82969999999978
1,1,7.94,0.377678980639142,0.378670676488719,0.379782209195739,0.380998334627584,0.382300427129321,0.383703695740756,0.385267968815363,0.386968214588337,0.388535177349846,0.389548943012916,0.389809265993272,0.389547996981244,0.389194842954166,0.389061912267138,0.389339878553561,0.390164789029298,-0.00638807988660861,-0.0031940399433043,-0.00638807988660861,-0.00638807988660861,-0.0031940399433043,-0.0031940399433043,-0.0031940399433043,0,0,0,0,-0.0031940399433043,-0.0031940399433043,0,0,0,NaN,2.91179999999986
1,1,0.34,0.28880738424056,0.289297715138055,0.2899427919753,0.290745910005798,0.291343706284275,0.291129882040208,0.289807547070944,0.287765809921018,0.28574225740827,0.284175946862865,0.282985619249446,0.281831669784451,0.280443083924674,0.278829016197871,0.277397549429552,0.276780264985724,0,0,0,0,0,0,0,0,0,0,0,0,0,0,0,0,NaN,2.29179999999997
1,1,1.82,0.284245615233872,0.280752442607754,0.277520586417531,0.274511879964763,0.27148493318016,0.268144571997485,0.264407064123576,0.26056532012052,0.257103619717948,0.254285217868032,0.251983825753135,0.249918479083289,0.247925889033124,0.245993919345299,0.244166938410333,0.24247834675833,0,0,0,0,0,0,0,0,0,0,0,0,0,0,0,0,NaN,2.20979999999963
1,2,2.47338165509025,0.230071736625509,0.229835848551009,0.229708338630097,0.229824627928324,0.230124105730562,0.230464421753093,0.230755961908413,0.2309942510844,0.231232245166794,0.231541862810298,0.231938360781724,0.232291092008085,0.23235628414525,0.231977060553411,0.231256698894032,0.230512918322492,0,0,0,0,0,0,0,0,0,0,0,0,0,0,0,0,2.45585439,2.69569999999976
1,0,0.26,0.174830088938267,0.174719825347079,0.174140285124624,0.173265627666369,0.17220239130496,0.170976623162028,0.169495247331316,0.167687787224083,0.165676860104258,0.163701361124154,0.161922498318498,0.160415286172705,0.159280758843994,0.158604003145956,0.158292587901999,0.158046941102625,0,0,0,0,0,0,0,0,0,0,0,0,0,0,0,0,0.62263773,14.6567
1,2,1.7325668586384,0.265895282256995,0.268732974090058,0.271919454034657,0.275359821451921,0.279300194837382,0.283971680604449,0.289155518786755,0.294326218229903,0.299177710388973,0.303882721255284,0.308845579755182,0.314258885550883,0.319927052057214,0.325520140980719,0.330901058556203,0.335912468246352,0,0,0,0,0,0,0,0,0,0,0,0,0.0031940399433043,0,0,0,1.71406191,2.75559999999996
1,1,6.44,0.392526304337181,0.396171785287433,0.399815099420768,0.40375880858731,0.408044515933006,0.412052526499503,0.414729371854424,0.415472552958654,0.414626420393773,0.413000381203732,0.411193775495579,0.40936578857495,0.407194711763807,0.404050140761989,0.399650764903939,0.394604807181507,0,0,0,0,0,0,0,0,0,0,0,0,0,0,0,0,NaN,14.4346
1,3,14,0.180061391612267,0.180502052811222,0.180666050729702,0.180320465271999,0.179683889133418,0.179154690434833,0.178895199280365,0.178814467966513,0.178922575112338,0.179483975113494,0.180704236595491,0.18242283450514,0.184270183779845,0.186045247891986,0.187833830630547,0.189800062446071,0,0,0,0,0,0,0,0,0,0,0,0,0,0,0,0,NaN,2.5915
1,0,1.16,0.222820509581767,0.222575468764373,0.222270940959158,0.221997665457196,0.221741858577354,0.221440922330698,0.22103703733568,0.220508435786717,0.219867798183242,0.219133916778017,0.218325134915327,0.217473829660588,0.216609016503314,0.215728921013946,0.214847116569518,0.214085890597387,0,0,0,0,0,0,0,0,0,0,0,0,0,0,0,0,3.253008,2.27559999999994
1,0,4.9,0.259198915269607,0.261574687619412,0.263696931001554,0.265442231142286,0.266665687279522,0.267343592623439,0.267639534384538,0.267688855200569,0.267415845780044,0.26666111960943,0.265322339073725,0.263318080045221,0.260666208749559,0.25768142583504,0.254872820080015,0.252544432687531,0,0,0,0,0,0,0,0,0,0,0,0,0,0,0,0,5.53347993,2.68989999999985
1,0,0.48,0.277417791573906,0.276230611916962,0.27603312959725,0.276008724157363,0.275642234350163,0.274971188670714,0.274414477396359,0.274454619761105,0.275253252290398,0.276449453398942,0.27744140543376,0.277932047855532,0.278153960086775,0.278556219968344,0.279347655162958,0.280405751403275,0,0,0,0,0,0,0,0,0,0,0,0,0,0,0,0,1.19668032,2.9358000000002
1,3,14,0.272889537454196,0.27372225017214,0.274340015504315,0.27468197216108,0.274696462852935,0.274433656364128,0.273995525383766,0.273445345345494,0.272819793066393,0.272182045818958,0.271610657582564,0.271126684820237,0.27063951493245,0.270002098399509,0.269158869530797,0.268216572100956,0,0,0,0,0,0,0,0,0,0,0,0,0,0,0,0,NaN,2.59570000000031
1,1,2.32,0.214119869217235,0.213396128798343,0.213180817490032,0.213328182572953,0.213658429094208,0.214199547401097,0.215045393725151,0.216097330553983,0.217098633395413,0.217851629739823,0.218271112964099,0.218304043956633,0.217955862502534,0.217338565329776,0.216546845966898,0.215538818801311,0,0,0,0,0,0,0,0,0,0,0,0,0,0,0,0,NaN,3.25570000000016
1,1,10.22,0.150891171889833,0.151124353494383,0.151824691249844,0.152805358472236,0.154097577103357,0.156137930464899,0.159221212291291,0.162932861076832,0.166429251941178,0.169224896214622,0.171483867177313,0.17359628968324,0.175725151172701,0.177846585023693,0.180062546542796,0.182662520185437,0,0,0,0,0,0,0,0,0,0.0031940399433043,0,0,0.0031940399433043,0,0,0,NaN,2.42999999999984
1,1,6.22,0.231295431970324,0.232414691953001,0.233555113645763,0.234822438894652,0.236480515967282,0.23863021812991,0.240902699119917,0.242676085381049,0.243662387602126,0.244097578778114,0.24427346211639,0.24412748275693,0.243484706064367,0.242519963020642,0.241720903622144,0.241390745420287,0,0,0,0,0,0,0,0,0,0,0,0,0,0,0,0,NaN,2.21379999999999
1,1,2.9,0.182527506253541,0.181222736684098,0.180184880198263,0.179263828976676,0.178410074864356,0.177704661428787,0.177305550522795,0.177304435986887,0.177592935094274,0.177893590465656,0.177942939936676,0.177665384306433,0.177190401376671,0.176703947105372,0.176300031690093,0.175980572921134,0,0,0,0,0,0,0,0,0,0,0,0,0,0,0,0,NaN,2.55169999999998
1,0,0.26,0.231120874707695,0.233777567774453,0.23737813360637,0.241000656471015,0.244128038438767,0.246754547969189,0.249023429090347,0.25102971309396,0.252835144688837,0.254411901756154,0.255604979882161,0.256245007247004,0.256175409723155,0.255192166417654,0.253254493492723,0.250778247139996,0,0,0,0,0,0,0,0,0,0,0,0,0,0,0,0,2.34239907,3.23950000000013
1,1,0.2,0.676112835302227,0.680015682226556,0.683650304784145,0.686759288666282,0.689425907112406,0.691861467874838,0.694130627530535,0.696253503352456,0.698500828778691,0.701361476132006,0.705049273547465,0.709114920249408,0.712761387278068,0.715571833705564,0.717764909779484,0.719736998860294,0.0766569586393033,0.0830450385257505,0.0830450385257505,0.0894331184123591,0.0894331184123591,0.0862390784690548,0.0862390784690548,0.0830450385257505,0.0798509985826076,0.0702688787525333,0.0574927189793161,0.0447165592062602,0.031940399433043,0.025552319546273,0.031940399433043,0.0351344393763473,NaN,2.31179999999995
1,1,1.58,0.964181396139933,0.962934834181965,0.962657200032657,0.963336096362157,0.96468214424203,0.96626398081939,0.967893470673633,0.969582660046977,0.97112508206506,0.972005953277437,0.971903603797014,0.971162604206011,0.970595275458992,0.97080865358561,0.971680391085922,0.972318269743559,0.025552319546273,0.00958211982991291,0.0127761597732172,0.0255523195464344,0.0383284793194903,0.0542986790361732,0.0638807988659247,0.0638807988660861,0.0542986790360118,0.0415225192629559,0.0287463594895773,0.0223582796031301,0.0191642396598258,0.00958211982991291,0.0031940399433043,0.0031940399433043,NaN,2.61180000000013
1,1,5.34,0.525482579186033,0.529795085704679,0.534223464863024,0.539260853369364,0.545109922639912,0.551603519366971,0.558479143563015,0.565488181044938,0.572164965286423,0.57788767882457,0.582456940064417,0.586271566988731,0.589581953006409,0.591951505760034,0.592995913156826,0.593452780377693,0,0,0,0,0,0,0,0,0,0,0,0,0,0,0,0,NaN,3.03560000000016
1,1,8.88,0.366058477880092,0.362598410413879,0.358905192140126,0.354218291412145,0.348241120406507,0.341799833300217,0.336352070527206,0.332730114773994,0.330631050798661,0.329290363397444,0.328209594686209,0.327231306931643,0.326420694785891,0.326015966260948,0.326123049112704,0.326267941118961,0,0,0,0,0,0,0,0,0,0,0,0,0,0,0,0,NaN,2.61380000000008
1,3,14,0.254904233465173,0.255527312768464,0.25635609999016,0.256936833084943,0.257008014818266,0.25670069552758,0.256356032806893,0.25622472915971,0.256294767181969,0.25626321367277,0.255699869648499,0.254438778382796,0.252867174092551,0.251674778567066,0.251218925309049,0.251193949327389,0,0,0,0,0,0,0,0,0,0,0,0,0,0,0,0,NaN,2.33390000000009
1,0,0.04,0.23918762079487,0.239240377478289,0.239762775915001,0.240860150513742,0.242303122171025,0.243805447993765,0.245171068170003,0.246136123608111,0.246311821849338,0.245522764482295,0.244039655041422,0.242246416294617,0.240230439131413,0.23786629638443,0.235096274603326,0.231972802817323,0,0,0,0,0,0,0,0,0,0,0,0,0,0,0,0,1.01949804,2.71390000000019
1,2,0.0649837540747236,0.290225817076116,0.289105573872436,0.287417411418307,0.284591740824067,0.280972762324712,0.277218856719387,0.273641911432597,0.270275111597447,0.267425093779197,0.26578362694333,0.265784400461542,0.267093233292112,0.2689533272587,0.270816772490881,0.272570790428755,0.274493696646762,0,0,0,0,0,0,0,0,0,0,0,0,0.0031940399433043,0,0,0,0.04636203,3.39970000000039
1,1,2.7,0.189581929684973,0.191089178877201,0.192265047293399,0.192729894432651,0.192710373241739,0.192708044610821,0.193006020826249,0.193529485019268,0.194047233448735,0.194396143747308,0.19452943193831,0.194415846822395,0.193971982482217,0.193143411704049,0.19198252909479,0.190575413507606,0.0031940399433043,0,0,0,-0.0031940399433043,0,0,0,0,0,0,0,0,0,0,0,NaN,14.6166000000003
1,1,1.76,0.265060653770942,0.264478685274309,0.26480921508746,0.265698468376329,0.266380255987618,0.266368750192627,0.265809636483279,0.265313047062415,0.265506177058734,0.266597274671588,0.268269737565094,0.27001190832498,0.271507705659447,0.272721718893241,0.273801469940065,0.274976858655491,0,0,0,0,0,0,0,0,0,0,0,0,0,0,0,0,NaN,2.47589999999991
1,1,1.24,0.226979846072141,0.229589864903642,0.232028424782742,0.234229548865504,0.236241071767387,0.23812141886996,0.239902703592119,0.241658864596866,0.243528846949539,0.245615565742291,0.24787576664818,0.250126300672297,0.252164792275814,0.253911810044434,0.255454360860674,0.256945528707119,0,0,0.0031940399433043,0,-0.0031940399433043,0,0,0,0,0,0,0,0,0,0,0,NaN,2.71579999999994
1,1,4.42,0.262365241504076,0.262699466889584,0.262988058579852,0.263049929584807,0.262920659551133,0.262731634554733,0.262557329615715,0.26240074542633,0.262256233834755,0.262135548824052,0.262057456549074,0.262058935329344,0.262200575801466,0.262487725193228,0.262772059616984,0.262818035448207,0,0,0,-0.0031940399433043,0,0,0,0,0,0,0,0,0,0,0,0,NaN,3.17560000000003
1,1,5.5,0.299393414638046,0.296979671112239,0.294418869710513,0.291973729210729,0.289989110746269,0.288616997739702,0.28764759954878,0.2866922386609,0.28556047272285,0.28445355625485,0.283784736025216,0.283780293570168,0.284260328559044,0.284814434384392,0.285135496238189,0.285184900862625,0,0,0,0,0,0,0,0,0,0,0.0031940399433043,0,0,0,0,0.0031940399433043,NaN,3.43160000000034
1,3,14,0.214479514758016,0.213326139241607,0.212332757240788,0.211447764505585,0.210547078647333,0.20952935518118,0.208350752691136,0.206922570285976,0.205057597515707,0.202695366790596,0.200189295334047,0.198160057459842,0.196950796624909,0.196340132567003,0.195850135763581,0.195200730317901,0,0,0,0,0,0,0,0,0,0,0,0,0,0,0,0,NaN,3.0355999999997
1,1,3.34,0.19713103325598,0.19619949194971,0.195111886601853,0.193843281484492,0.192553805750113,0.191505256833308,0.190791614756021,0.190288077659966,0.189943924457652,0.189963254625565,0.190492577437005,0.191184882809102,0.191321814119582,0.190493054821029,0.189058136490655,0.187846188512894,0,0,0,0,0,0,0,0,0,0,0,0,0,0,0,0,NaN,2.66780000000017
1,3,14,0.215789006648757,0.215618505717109,0.215226701958285,0.214552341763578,0.213666036533426,0.212737141345427,0.211910417591736,0.211200713327395,0.210463445086291,0.20948918555977,0.208186747654721,0.206657879071767,0.205058397477247,0.203440550279241,0.201799034255753,0.200237251091624,0,0,0,0,0,0,0,0,0,0,0,0,0,0,0,0,NaN,3.25789999999961
1,0,0.24,0.491956372032919,0.490688730639037,0.489750425632753,0.48928580951921,0.489392147215059,0.489922376979679,0.490511223475458,0.490821609814509,0.490774166271535,0.490585276699806,0.490577587121572,0.490916850035642,0.491527474860519,0.49222939824068,0.492897114713852,0.493523243014982,0,0,0,0,0,0,0,0,0,0,0,0,0,0,0,0,1.80505281,2.13180000000011
1,2,4.20094976341521,0.317168412945872,0.31932384223551,0.321403377686169,0.323537536453139,0.325709916871139,0.327832041215225,0.32980852775188,0.331592080102001,0.33320019373967,0.33467280606043,0.336020472782646,0.337193694099016,0.338098210627282,0.338691650828349,0.339067579853431,0.339394442631713,0,0,0,0,0,0,0,0,0,0,0,0,0.0031940399433043,0,0,0,4.18814781,2.22969999999987
1,1,3.42,0.559334026055243,0.55101235835075,0.54123527410895,0.532674323855996,0.526803109961868,0.522991861013047,0.519778878434332,0.51634494621769,0.512687020526163,0.50904939105471,0.505578882418517,0.502228144725662,0.498627333869096,0.494172572616893,0.488635238658851,0.482739011876665,0,0,0,0,0,-0.0031940399433043,0,0.0031940399433043,0,0,0,0,0,0,0,0,NaN,14.2365
1,1,10,0.428581380300138,0.429075556240007,0.428194087114336,0.425664518954921,0.421433991536975,0.416308880314684,0.411726428719687,0.408626584062344,0.4067195989203,0.404817117049212,0.401759765345995,0.397262068497059,0.392111408796612,0.387475446602451,0.383982428950465,0.381582568877793,0,0,0,0,0.0031940399433043,0,0,0,-0.0031940399433043,0,0,0,0,0,0,0,NaN,2.91400000000021
2,3,14,0.339415239174588,0.33590664367742,0.332359539516705,0.329079760533324,0.326531224942153,0.324999105827355,0.324215715219687,0.323474300639939,0.322136888142568,0.320016351807334,0.317301502501154,0.314216336327229,0.310923232490841,0.307732645675496,0.305083508197912,0.303146490012103,0,0,0,0,0,-0.0031940399433043,0,0,0,0,0,0.0031940399433043,0,0,0,0,NaN,2.99360000000024
2,1,3.06,0.455721084344208,0.457205383908118,0.457750145237864,0.457179319145775,0.455426006673228,0.452470268478599,0.448423374939221,0.443644427863999,0.438440155681059,0.43275077529018,0.426398360780261,0.419439659820838,0.412079289158728,0.404594389739641,0.397647479042569,0.392264902337962,0,0,0,0,0,0,0,0,0,0,0,0,0,0,0,0,NaN,2.73550000000023
2,1,1.2,0.285412780563061,0.285631882206816,0.286004602839869,0.28637846919115,0.286674816356783,0.286800385234058,0.28666366287708,0.286305210826176,0.285969676470942,0.285985171417379,0.286473127576369,0.287141323967936,0.287465252274224,0.287186367471401,0.286622938209593,0.286416310197126,0,0,0,0,0,0,0,0,0,0,0,0,0,0,0,0,NaN,2.67380000000003
2,1,0.38,0.226491176054862,0.224441553851083,0.222752686925042,0.221318405837772,0.219962541444186,0.218603048837535,0.217262826084013,0.215986182637625,0.214793782869618,0.21369137944514,0.212691605937289,0.211812795118313,0.211044806574457,0.210347427385808,0.209721978336102,0.209244284062156,0,0,0.0031940399433043,0,0,0,0,0,0,0,0,0,0,0,0,0,NaN,2.83569999999963
2,1,2.98,0.192026057729084,0.190420027795798,0.18906587493444,0.1881628500585,0.187598507915109,0.187014391993959,0.186074544059453,0.184666956266884,0.182838553278797,0.180605176995739,0.177998064089685,0.175315074143626,0.173094155178809,0.171680496439967,0.170893889865865,0.170179228026256,0,0,0,0,0,0,0,0,0,0,0,0,0,0,0,-0.0031940399433043,NaN,2.35789999999997
2,1,6.16,0.221056243250517,0.220799220166284,0.220631744879395,0.220907689299856,0.221789204512349,0.22304943296883,0.224262778421097,0.225170860120414,0.225828151791633,0.226472657385412,0.227322949562073,0.228418656283071,0.229553874524477,0.230403612035566,0.230815966215565,0.230985922411929,0,0,0,0,0,0,0,0,0,0,0,0,0,0,0.0031940399433043,0,NaN,2.89160000000038
2,3,14,0.19401803226419,0.195999499408786,0.197739779223997,0.198903637026077,0.199544681464083,0.199896309387618,0.200142879547016,0.20033527461413,0.200332446820368,0.199854206013162,0.198723934453741,0.196992331719203,0.194782970470697,0.192211708176315,0.189526438914928,0.18710033493879,0,0,0,0,0,0,0,0,0,0,0,0,0,0,0,0,NaN,3.21559999999999
2,1,4.7,0.287304323133794,0.288409182455357,0.289186156003107,0.289531648994156,0.289502834757765,0.289225695442592,0.288822098396112,0.288539624789733,0.288774712099764,0.289765966963673,0.291319467279262,0.292951821279255,0.29427052797308,0.295183233269121,0.295809248603233,0.296270246338414,0,0,0,0,0,0,0,0,0,0,0,0,0,0,0,0,NaN,2.89190000000008
2,3,14,0.239261468979004,0.238319328924557,0.237064966496899,0.235514961409351,0.233769051916792,0.231876547102928,0.229748256927484,0.227280759219458,0.224483368792458,0.221429076732019,0.218208123239776,0.214992672223693,0.212007320117178,0.209343728301236,0.206910247928713,0.204642835538058,0,0,0,0,0,0,0,0,0,0,0,0,0,0,0,0,NaN,2.97550000000001
2,0,4.62,0.248620420582532,0.25053834889389,0.252761446040807,0.255255646399108,0.258105111160769,0.261316763173603,0.264526559594953,0.26716832031083,0.269023582999694,0.270341643525318,0.271265502651174,0.27146557746865,0.270634790952173,0.26909153380064,0.267555382440576,0.266454667888592,NaN,0,0,0,0,0,0,0,0,0,0,0,0,0,0,0,5.61780483,2.85199999999986
2,0,0.22,0.396817894399625,0.397589119453655,0.398517859157344,0.399811028124856,0.401361133755544,0.403093246563855,0.405143432351597,0.407677404005213,0.410748924907105,0.414376977241263,0.418479401808158,0.422623045873328,0.426136478130696,0.428674401806142,0.430492035523462,0.432034088264205,0,0,0,0,0,0,0.0031940399433043,0,0,0,0.0031940399433043,0,0.0031940399433043,0,0,-0.0031940399433043,0.73372662,3.27570000000014
2,2,0.522869282785853,0.426888542308656,0.426324599233237,0.425471028454742,0.424433936897605,0.423239660634671,0.421817294398861,0.42004953967094,0.417903072852202,0.415512442521743,0.413063364993308,0.410626032011996,0.40822502168516,0.406084024998919,0.40462221340731,0.404058399133563,0.404138887322541,0,0,0,0,0,0,0,0,0,0,0,0,0,0,0,0,0.50504949,3.25759999999991
2,2,0.493876530967899,0.269087865423689,0.267836265735863,0.266471281231364,0.265322791768023,0.264365074496583,0.263424888411537,0.262376993422784,0.261217489513182,0.260083881869004,0.259191382212513,0.258627955164874,0.258169820306014,0.257386387329231,0.256004816046787,0.254166989781389,0.252331910611864,0,0,0,0,0,0,0,0,0,0,0,0,0,0,0,0,0.4802853,14.2746999999999
2,0,0.14,0.268432247783603,0.269209431612289,0.269937070628093,0.270612709011401,0.271250488498179,0.271842804832944,0.272337898712569,0.272697461322058,0.27295858574654,0.273204363147309,0.273481512004954,0.273764503780044,0.273994567242492,0.274143127727767,0.27423246802995,0.274300471903824,0,0,0,0,0,0,0,0,0.0031940399433043,0,0,0,0,0,0,0,0.51244875,14.6543000000001
2,2,0.373906523445332,0.271199792915147,0.268495251185158,0.265852224084316,0.263158528754479,0.260365155587808,0.25769839775872,0.255591486209021,0.254298000618821,0.253622802467567,0.253096224999275,0.252349092263188,0.251362721219996,0.250536483339469,0.250468851783718,0.251432213846442,0.253036327185651,0,0,0,0,0,0,0,0,0,0,0,0,0,0,0,0,0.35573109,3.75779999999986
2,2,1.84853786591021,0.272516340045851,0.274146278246974,0.275630463768883,0.276639837822011,0.277287623107771,0.277780818082246,0.278123124184979,0.278192630967039,0.27792128178267,0.27731114056963,0.276381600935194,0.275141575997947,0.273573398309825,0.271679819298535,0.269556476625418,0.267352633276734,0,0,0,0,0,0,0,0,0,0,0,0,0,0,0,0,1.83784953,14.4346
2,0,3.54,0.217546320311871,0.213816687233539,0.212093587292134,0.21181146222474,0.211933933856401,0.212087119775908,0.212404113089177,0.212633421198324,0.211967088334727,0.209937489937054,0.207205956250177,0.205114049969512,0.204466767890724,0.204955201117691,0.20566591353405,0.205891992944462,NaN,0,0,0,0,0,0,0,0,0,0,0,0,0,0,0,3.64980165,14.6765
2,2,1.82354411434301,0.911318330711998,0.909757576816014,0.907811737225221,0.907620565773788,0.910211912751425,0.914311841379201,0.917514364913561,0.918517059595119,0.917901532535594,0.916964815838845,0.91637649499477,0.916077262985135,0.916015433253699,0.916525436103983,0.91785317616657,0.919487599291579,0.099015238242272,0.102209278185576,0.0926271583556634,0.0830450385257505,0.0670748388093904,0.0542986790360118,0.0447165592062602,0.0479105991494032,0.0447165592062602,0.0479105991494032,0.0574927189794774,0.0734629186958376,0.0830450385257505,0.0926271583556634,0.0958211982989677,0.0958211982989677,1.81131885,2.60770000000002
2,2,2.88527868091773,0.539474955903125,0.537106187473889,0.534510592461164,0.531632353861401,0.528654114587561,0.525895355203329,0.523568946779918,0.521719310384288,0.520332241582998,0.519349004580946,0.518645197189544,0.518176039540515,0.518073965214177,0.518489430158067,0.519470490871142,0.521041847592803,0.0031940399433043,0,0,0,0,0,0,0,0,0,0,0,0,0,0,0,2.87167947,14.6564000000003
2,0,2.52,0.387168842241607,0.389659714595692,0.391804149831536,0.393055077751569,0.393566187592173,0.393736229279619,0.393764927979505,0.393695484414821,0.393636017926942,0.393767794926099,0.394178725823174,0.39479475704766,0.395485080887742,0.396111674806833,0.396419367204517,0.396074284968076,0,0,0,0,0,0,0,0.0031940399433043,0,0,0,0,0,0,0,0,3.50448285,14.7166000000002
2,2,0.0939765058926771,0.28149776547318,0.288724545548029,0.297420967758557,0.303892732691613,0.306152871021528,0.305620694876991,0.305310988786916,0.306962552843099,0.31013124715475,0.313319240268364,0.315371270379335,0.316048584745356,0.315769081913833,0.315003246276861,0.313920310282836,0.312429506539589,0,0,0,0,0,0,0,0,0,0,0,0.0031940399433043,0,0.0031940399433043,-0.0031940399433043,0,0.08215845,2.81370000000015
2,0,0.6,0.177539749852281,0.177174629163557,0.176665113203263,0.176349525997264,0.176419919781129,0.176771954081526,0.177136671599671,0.177307581929186,0.17722833461505,0.176894426949216,0.176251398579264,0.17527897290487,0.17413663152553,0.173092717886264,0.172290466973219,0.171676182423388,0,0,0,0,0,0,0,0,0,0,0,0,0,0,0,0,1.08829116,14.3145999999997
2,2,0.660834791436804,0.309813369274308,0.310116581624657,0.310714092195573,0.311831440392726,0.313663395145644,0.315951873769885,0.318140029224909,0.319854976468782,0.321049171927824,0.32179043560345,0.322160420804902,0.322289954844531,0.322255062366973,0.32196385574087,0.321328144778002,0.320525743961869,0,0,0.0031940399433043,0,0,-0.0031940399433043,0,0,0,0,0,0,0,0,0,0,0.64940172,2.42970000000014
2,2,0.507873031845532,0.219483860954945,0.219204968193593,0.219060260615521,0.219090805617362,0.219220279484839,0.219276686474167,0.219145837733967,0.218860548939158,0.218545947048067,0.218308605109757,0.218140839788979,0.217871226119318,0.217247729280073,0.216136622894425,0.214598650735492,0.212760364146057,0,0,0,0,0,0,0,0,0,0,-0.0031940399433043,0,0.0031940399433043,0,0,0,0.49181748,14.6783999999998
2,0,9.8,0.326646370701931,0.32891851211809,0.331145603164772,0.332276402778084,0.331957127886896,0.330863139488447,0.330095777286404,0.330223112633439,0.330986563105349,0.331826145982278,0.332457813435709,0.33293263190824,0.333365371749315,0.333767037658819,0.334070482249288,0.334169916726122,0,0,0,0,0,0,0,0,0.0031940399433043,0,0.0031940399433043,0,0,0,0,0,10.17144942,14.3927000000003
2,2,0.0689827543254758,0.257895612448122,0.256933741660467,0.25579096812357,0.254347600001186,0.252574892212782,0.250669098233032,0.248959067176966,0.247625843503475,0.246572462665766,0.245584325365274,0.244541481158778,0.243448522883676,0.242331853113665,0.241179213787559,0.23998653123075,0.238823017471184,NaN,0,0,0,0,0,0,0,0,0,0,0,0,0,0,0,0.05326134,2.81570000000011
2,0,0.04,0.260405442253706,0.261465026278045,0.2623910478717,0.263065119703894,0.263528777158761,0.264054519272186,0.265002316506827,0.266519645163154,0.26838591285954,0.270207798015413,0.271734286621293,0.272950384703494,0.273983084679438,0.275008270169892,0.276083605323341,0.276881803085565,0,0,0,0,0,0.0031940399433043,0,0,0,0,0,0,0,0,0,0,0.40015998,14.7766999999999
2,0,1.04,0.287332447516998,0.286503953692724,0.285446618546774,0.283930547403295,0.281780226088738,0.279243768945397,0.276844391866088,0.274919306699728,0.273453355067199,0.272279745161666,0.271255959555483,0.270304654932068,0.269488662729121,0.269023100643191,0.269022285564936,0.269219366372323,0,0,0,0,0,0,0,0,0,0,0,0,0,0,0,0,1.35556443,2.34990000000016
2,0,0.22,0.264002112165587,0.259973569257008,0.255873032038024,0.25199172845614,0.248390565562357,0.244975499032445,0.241652909083577,0.238426202364513,0.235395597078161,0.23266222245521,0.230197963417721,0.227893080542055,0.225821785073124,0.224316671142643,0.223618340877079,0.223575140342158,0,0,0,0,0,0,0,0,0,0,0,0,0,0,0,0,0.55504449,2.91350000000011
2,0,0.52,0.28838752927295,0.285240461943168,0.281501193226789,0.277597988250765,0.274376063226262,0.272310934235007,0.271050711449048,0.269832532422511,0.268189083281102,0.266185417504728,0.264185554589147,0.262530614326872,0.261284082995261,0.260112007862621,0.258484982604562,0.256163587798924,0,0,0,0,0,0,0,0,0,0,0.0031940399433043,0,0,0,0,0,0.78735459,4.33159999999998
2,2,0.480879780152954,0.290540729716329,0.288228365789259,0.285347839529753,0.282165647396358,0.278922297320963,0.2759477547459,0.273448522932197,0.271317059992254,0.269277235873416,0.267150400511117,0.264930266768401,0.262678619869243,0.260428644287532,0.258195328436487,0.25604129389249,0.254068431598066,0,0,0,0.0031940399433043,0,0,0,0,0,0,0,0,0,0,0,0,0.46522014,3.09570000000031
2,2,5.97650587474919,0.220508787534848,0.22271048412089,0.224834266484426,0.227141562572753,0.22971802582451,0.232216722225243,0.23398898812629,0.234641290415588,0.234453592666184,0.234189647985298,0.234525640515352,0.235604699795158,0.237018670020078,0.23820715241684,0.238866561805057,0.238936034640959,0,0,0,0,0,0,0,0,0,0,0,-0.0031940399433043,0,0,0.0031940399433043,0,5.9580708,14.6427000000003
2,2,0.412896775890167,0.29408032865071,0.29503923366551,0.295660408203952,0.295931838266374,0.295886336345099,0.295506536261229,0.294647661602129,0.293085732306469,0.290769495038066,0.287951006241214,0.284889946557965,0.281554924129943,0.277845207592462,0.274007940214192,0.270576100445088,0.26788852036722,0,0,0,0,0,0,0,0,0,0,0,0,0,0,0,0,0.39539379,14.3367000000003
2,0,0.12,0.320679175893787,0.318899756389217,0.316972711553886,0.314819813917417,0.312363554357351,0.309885148242705,0.307946916327851,0.306885896810352,0.306533130129649,0.306479339177733,0.306446605122272,0.306379466390102,0.306389229218089,0.306673148715066,0.307308645567055,0.308028629255053,0,0.0031940399433043,0,0,0,0,0,0,0,0,0,0,0,0,0,0,0.3859614,14.2946000000002
2,2,1.36265933544382,0.41215819886118,0.411923422354232,0.411832856414675,0.411173903669796,0.409814280715459,0.408304931426921,0.407486048397749,0.40771999503026,0.408432272064483,0.408552481311727,0.407462014992073,0.405444544846769,0.403295018471371,0.401656553756209,0.400621888154446,0.399699956824968,NaN,0,0,0,0,0,0,0,0.0031940399433043,0,0,0,0,0,0,0,1.35229809,4.42749999999978
2,0,1.04,0.235416447170658,0.234731923688929,0.234300145090975,0.233852870999203,0.233056503407971,0.231794680164999,0.23033998394546,0.229168748819324,0.228531407524315,0.228217572550285,0.227759556566239,0.226842088066585,0.225549704869765,0.224326057027583,0.223687816669227,0.223813675912533,0,0,0,0,0,0,0,0,0,0,0,0,0,0,0,0,1.29803685,14.3564999999999
2,2,0.145963509152456,0.223589713360433,0.223642945994794,0.224191782696916,0.225452139525704,0.227234890779131,0.229239527870154,0.231374275171314,0.23370643853671,0.236299337151899,0.239196147141238,0.242303823851685,0.245099541894572,0.246726361101414,0.246718919877355,0.245511371802562,0.244013141889742,0,0,0,0,0,0,0,0,0,0,0,0,0,0,0,0,0.13078692,2.45580000000018
2,2,3.98700324999996,0.210411529637828,0.211459698432195,0.212605303725948,0.213642924336691,0.214553996213711,0.21556309306409,0.21702153704022,0.21904789161816,0.221244936380327,0.222941081795916,0.223774195882155,0.223896681919379,0.223605428869146,0.223015807799691,0.22220141494227,0.22146352869354,0,0,0,0,0,0,0,0,0,0,0,0,0,0,0,0,3.97243605,14.5744000000004
2,0,0.64,0.331059146180676,0.327208314942261,0.323161949720394,0.319483399075272,0.316492845814479,0.314052272540462,0.311809057456637,0.309519683047523,0.307173094236917,0.304980177623217,0.303247965790467,0.302147491178629,0.301630250365877,0.301589411341626,0.30196850149746,0.302693611361582,0,0,0,0,0,0,0,0,0,0,0,0,0,0,0,0,1.81798485,14.6588000000002
2,2,0.564858785418751,0.329200184437966,0.329490004320697,0.329821656047181,0.330740532983817,0.332424115487167,0.334609952185227,0.336899716698968,0.339092493736866,0.341213962317656,0.343338059372592,0.345473979446793,0.347604370777272,0.349769136155892,0.3520620543658,0.354532638719346,0.357128215601456,-0.0031940399433043,0,0,0,0,0,0,-0.0031940399433043,0,0,0,0,0.0031940399433043,0,-0.0031940399433043,0,0.55277805,3.04949999999963
2,2,0.306923269245233,0.37486132505092,0.378108163478458,0.3816074326953,0.385483497825972,0.389501118814805,0.393228982993578,0.39642493297534,0.399240866634737,0.402049099875161,0.405116753357012,0.408479831750522,0.412128031665295,0.41620028325349,0.420742006208583,0.425167668607784,0.428284701549975,0,0,0,0,0,0,0,0,0,0,0,0,0.0031940399433043,0,0,0,0.28950438,14.2404000000001
2,0,4.86,0.603855819340785,0.594251782613792,0.585227231094513,0.578133310919082,0.572558843645362,0.567150031774258,0.560867948594574,0.553572512062588,0.545825457885293,0.538294686560196,0.531334084307664,0.52509315910368,0.519754021894305,0.515369699861701,0.511663960625951,0.508328696038008,0,0,0,0,-0.0031940399433043,0,0,0.0031940399433043,0,0,0,0,0,0,0,0,5.26487346,14.2923999999998
2,0,0.04,0.382268702751479,0.379078512930855,0.377715159636884,0.378916323961411,0.381631136708039,0.383846919797957,0.384352185624864,0.383532081138139,0.382717127217179,0.383046530380257,0.384777859492319,0.387415051780479,0.390390101296268,0.393438566545563,0.396245726130578,0.398098851479844,0,0,0,0,-0.0031940399433043,0,0,0,0,0,0.0031940399433043,0,0,0,0,0,0.36766323,2.42970000000014
2,0,0.06,0.340608948149639,0.337573171439888,0.334727286775711,0.332179592505838,0.330362798844425,0.329546359542931,0.329365487352882,0.329086355840202,0.328285541312027,0.327098581295065,0.325873126505354,0.32477358685304,0.323755031965013,0.322781078233029,0.321932980113007,0.321288927161139,0,0,0,0,0,0,0,0,0,0,0,0,0,-0.0031940399433043,0,0,0.13375329,2.51369999999997
2,2,0.0459885028836505,0.344675621986327,0.34629537843344,0.347001871100601,0.347513526080842,0.3482149396559,0.34907915072792,0.350060943388071,0.351311755435097,0.352913613783478,0.354491672368631,0.355331079514957,0.355017814362356,0.353838707383271,0.352461147935571,0.351357457177227,0.35055607589898,0,0,-0.0031940399433043,0,0,0,0.0031940399433043,0,0,0,0,0,0,0,0,0,0.03109689,2.88770000000022
2,3,14,0.234618426989233,0.23286431981901,0.2319194496897,0.232208142764623,0.233383796356851,0.234726653717444,0.235764774892965,0.23651411446273,0.23737236179866,0.238836592369025,0.241059694978763,0.243549388202731,0.245471690912827,0.246365988889901,0.246468767007125,0.246342923978144,0,0,0,0,0,0,0,0,0,0,0,0,0,0,0,0,NaN,14.1786999999999
2,2,1.08372906795385,0.180015669886401,0.179754823528764,0.179527757385916,0.178933214745661,0.177670056105725,0.175889810655053,0.174250974166252,0.173529244797668,0.174031440684506,0.17542516561942,0.177180314334162,0.178956103020946,0.180461513790195,0.18129632062117,0.181243222732337,0.180544303575958,0,0,0,0,0,0,0,0,0,0,0,0,0,0.0031940399433043,0,-0.0031940399433043,1.06999299,2.85379999999986
2,2,0.469882529463386,0.252547783680935,0.254111726130714,0.255390868503299,0.256113830052702,0.256031330132284,0.255204066443118,0.253846424471528,0.252131022359268,0.250282317241479,0.248636191868051,0.247428536628598,0.246577782036368,0.24572821555409,0.244508676183437,0.242817191255466,0.240913321240203,0,0,0,0,0,0,0,0,0,0,0,0,0,0,0,0,0.4559544,14.5364
2,2,1.42364408926779,0.185478841347397,0.186412619913188,0.187790187627853,0.188892366594135,0.189705588806553,0.19028491808253,0.190409981197682,0.189906723494783,0.189001241700618,0.188115688209059,0.187426286422889,0.186874441904169,0.186600744818779,0.187067830210091,0.188603563412861,0.191052609461825,0,0,0,0,0,0,0,0,0,0,0,0,0,0,0,0,1.40205978,14.4584999999997
2,0,1.7,0.189877788001197,0.187487943662767,0.184920444711178,0.182166786043134,0.179492897570143,0.177293529256226,0.175814425288702,0.175100180661328,0.175158266830979,0.175948652232907,0.1772648956104,0.178869046195794,0.18070017373251,0.182857222864314,0.185566148202189,0.189174109344401,0,0,0.0031940399433043,0,0,0,0,0,0,0,0,0,0,0,0,0,3.04279569,14.3366999999998
2,2,0.558860285042623,0.280646535958984,0.278536242037373,0.275968623208662,0.273163350271699,0.27027471178733,0.26748650438034,0.265048416975304,0.263082184215768,0.261478327540465,0.260095128217491,0.258946444010164,0.258165411366587,0.257987411550658,0.258745489220072,0.260528864541372,0.262776785422568,0,0,0,0,0,0,0,0,0,0,0,0,0,0,0,0,0.54364563,3.11580000000004
2,0,5.6,0.171871552341241,0.173298962102204,0.174340750968622,0.17512530506574,0.175920009277456,0.176857945611154,0.177901341685483,0.178978114665451,0.180074639530165,0.181216265219763,0.182434103587546,0.183761828056815,0.185186126204362,0.186561132851758,0.187652978663621,0.188345486190465,0,0,0,0,0,0,0,0,0,0,0,0,0,0,0,0,8.23294329,14.6365000000001
2,2,0.59085228704864,0.30797064135097,0.309085244800157,0.309939281207831,0.310838794132028,0.31172460647937,0.312356495216977,0.312489106216479,0.312026407914987,0.311089162711218,0.309900987797756,0.308639350697085,0.307360827420062,0.305939637291297,0.304116286581767,0.301766995835414,0.299112291959052,0,0,0,0,0,0,0,0,0,0,0,0,0,0,0,0,0.57780888,3.45600000000013
2,0,0.94,0.26559222893083,0.264234594622012,0.262342252828094,0.259777171791397,0.256867999713274,0.254147678714953,0.251920040938159,0.250167932919036,0.248789402301283,0.247727219684654,0.246894339353605,0.2461546468443,0.245415406823888,0.244687323486345,0.244077378726075,0.243727841552341,0,0,0,0,0,0,0,0,0.0031940399433043,0,0,0,0,0,0,0,1.37409591,14.3506000000007
2,2,0.65783554124874,0.25755381975706,0.254110056340183,0.250674805131886,0.247500589414281,0.244678350253899,0.242313617623114,0.240453226762472,0.238959363143476,0.237649092453339,0.236494443332044,0.235575082753071,0.234935002769968,0.234571010615449,0.234461294145582,0.234533770805334,0.234658008260126,0,0,0,0,0,0,0,0,0,0,0,0,0,0,0,0,0.64220244,2.38960000000043
2,2,1.45563609127381,0.19778733354707,0.197271850474631,0.196713633509632,0.196110360460613,0.195546779801345,0.19516741904217,0.195043846167225,0.195061327931612,0.194982495259706,0.194645040944295,0.194105379735502,0.193616579649646,0.193457484040211,0.193737325177269,0.194369315859547,0.195225969754783,0,0,0,0,0,0,0,0,0,0,0,0,0,0,0,0,1.44038928,14.3989999999994
2,2,9.78955261384143,0.246358754854651,0.247929632734608,0.249576544483461,0.25045520243196,0.250721068497452,0.250914591508817,0.251367297208526,0.252060847033395,0.252734670334635,0.253082183765472,0.2530160867791,0.252803393260707,0.252839926471935,0.253268982219726,0.253952930837703,0.254856473572856,0,0,0,0,0,0,0,0,0,0,0,0,0,0,0,0,9.77725550999999,14.3945000000003
2,0,1.76,0.727929698974112,0.730098727670932,0.732301712523546,0.734437995605879,0.736582554223315,0.738474790202223,0.739434078753774,0.739107800912755,0.738198483982796,0.738053854659354,0.739393086233714,0.74162705266062,0.743527323639676,0.744387608697869,0.744435026639357,0.744352985427687,0,0,0,0,0,0,0,0,0,0,0,0,0,0,0,0,2.32123452,14.3564999999999
2,2,0.594851287299393,0.405030993850104,0.403896174450683,0.402469709193763,0.400968076341893,0.399781343323455,0.399154907657904,0.398952409362503,0.398754194265647,0.398172472262726,0.397097354915105,0.395677901140812,0.39410283977357,0.392484466606921,0.390966236315136,0.389779089084982,0.389057456085882,0,0,0,0,0,0,-0.0031940399433043,0,0,0,0.0031940399433043,0,0,0,0,0,0.57977535,3.09370000000035
2,2,0.504873781657468,0.273604551459924,0.27216271057877,0.270522902198007,0.26863455175108,0.266922070256785,0.266145510326754,0.266688872535313,0.268084025841917,0.269436645751844,0.270230538696853,0.270582485745961,0.270873512406553,0.271345718295862,0.272008071771812,0.272743900808874,0.27343695690721,0,0,0,0,0,0,0,0,0,0,0,0,0,0,0,0,0.48705129,14.6585999999998
1,0,6.04,0.25598088219619,0.258582647239943,0.261148848385416,0.263630713467602,0.265807616728557,0.267519713531802,0.26889188166413,0.270224455700177,0.27165211090056,0.272921701473739,0.273558429056013,0.273325018126897,0.272457121754808,0.271382062584768,0.270327890825729,0.269247363755534,0,-0.0031940399433043,0,0,0,0,0.0031940399433043,0,0.0031940399433043,0,-0.0031940399433043,0,0,0,0,0,6.78048855,14.5744999999997
1,1,5.7,0.229018209026422,0.2293929525321,0.23038353033893,0.231712404134937,0.232875831103099,0.233583095160224,0.233951191639515,0.234295525316658,0.23483095569932,0.235610033732456,0.236697491987714,0.238271296125553,0.240426787493462,0.242945531626719,0.245418637567135,0.247596356569748,0,0,0,0,0,0,0,0,0,0,0,0,0,0,0,0,NaN,2.83600000000024
1,0,3.54,0.202685427217971,0.201622597557976,0.201392124355416,0.202265696318377,0.203837099662714,0.205415050854964,0.206615076756979,0.207518616934402,0.208403597316739,0.209457804058901,0.210655186429352,0.211738925357807,0.212355290933501,0.212366050054938,0.212040853427898,0.211834776453581,0,0,0,0,0,0,0,0,0,0,0,0,0,0,0,0,5.60773917,2.56999999999971
1,0,1.54,0.292468792822929,0.290889298014102,0.289523741652637,0.288290180185625,0.287146404826845,0.285989639193821,0.284686367263244,0.28317311688612,0.281466260832684,0.279583131024787,0.277544981732908,0.275485614055849,0.273655800359649,0.272231934460465,0.271130566302914,0.270032310890983,0.00319403994314292,0,0,0,0,0,0,0,0,0,0,0,0,0,0,0,1.91677497,2.73399999999947
1,0,0.22,0.259873716212319,0.261913412971182,0.263710607760467,0.265120465172438,0.266073735460869,0.266584488270579,0.266736379076017,0.266687564340513,0.266558681718617,0.266142165546504,0.264894551079514,0.262527555462374,0.259528974076363,0.256819555364905,0.254938952149067,0.253782346388382,0,0,0,0.0031940399433043,0,0,0,0,0,0,0,0,0,0,0,0,1.10382294,2.73199999999997
1,0,4.72,0.207006537058265,0.205306221001711,0.203777977301028,0.202385838447961,0.2009961141213,0.199445894207119,0.197702023321214,0.19598436331066,0.194652164702012,0.193891889206394,0.193573106898532,0.193449133217057,0.193393661272837,0.193385013884506,0.193363080184862,0.19320616517921,0,0,0,0,0,0,0,0,0,0,0,0,0,0.0031940399433043,0,0,6.71396187,3.43940000000021
1,0,9.58,0.282774386366304,0.283205892844638,0.283710368701696,0.284244552764876,0.284862876661985,0.285573865737128,0.286102519042442,0.285955035977092,0.284863445776632,0.283067163059524,0.28104167025861,0.279068864628404,0.277149654124523,0.275185983766765,0.273130529425577,0.27098486334707,0,0,0,0,0,0,0,0,0,0,0,0.0031940399433043,0,0,0,0,12.10425612,3.04979999999978
1,3,14,0.248068405232515,0.248847862683399,0.249952886189546,0.251353345709437,0.252823245036978,0.254007711334507,0.254722315346004,0.255085103228983,0.255299765734645,0.255421966796215,0.255376729729221,0.255061143472555,0.254381816486318,0.253336626875983,0.252113404929728,0.250994275180633,0,0,0,0,0,0.0031940399433043,0,0.0031940399433043,0,-0.0031940399433043,0,0,0,0,0,0,NaN,2.67199999999957
1,1,1.76,0.183339629337331,0.183994475610913,0.184526983428883,0.184973943135943,0.185407182211289,0.185873082716693,0.186360418760051,0.186806241463605,0.187138099968886,0.187308631515849,0.187257326886294,0.18687633401304,0.186123817119385,0.185172126133168,0.184332237468105,0.183800119116924,0,0,0,0,0,0,0,0,0,0,0,0,0,0,0,0,NaN,2.95239999999922
1,1,8.52,0.307990214292056,0.307800900153749,0.307799640262614,0.308024046117561,0.308440952600095,0.308890078650361,0.309145373256578,0.309130063678195,0.30916224932826,0.309870195033576,0.311601071100387,0.313826029221297,0.315293499290188,0.314987269487661,0.313186155487625,0.311803560002739,0,0,0,0,0,0,0,0,0,0,0,0,0,0,0,0,NaN,3.63180000000011
1,1,0.26,0.24596907271791,0.243907851778425,0.240947444879301,0.236813268726245,0.232103602914305,0.22779973038399,0.224442016089815,0.221929309026965,0.219984960224821,0.218482306659802,0.217312065035733,0.216224565482246,0.214940083180236,0.213395420190284,0.211879335829066,0.210852435683945,0,0,0,0,0,0,0,0,0,0,0,0,0,0,0,0,NaN,3.3119999999999
1,1,5.04,0.28046389014668,0.280486388784108,0.280127033830453,0.278240289322191,0.274271266720835,0.268862232961306,0.263182886288662,0.257969695096191,0.25348410855686,0.249939580405899,0.247435667738874,0.245684536793286,0.244247676527292,0.242967076644438,0.241926730276415,0.241127772760398,0,0,0,0,0,0,0,0,0,0,0,0,0,0,0,0.0031940399433043,NaN,2.67579999999998
1,1,1.26,0.179252682772873,0.178398808579375,0.17839929080411,0.178640007664812,0.178781124379505,0.178824113197792,0.178781866314738,0.178512590287757,0.177901254514009,0.177058367657953,0.176233005821606,0.175572428426856,0.175039077345362,0.174532710691349,0.174015067030605,0.173493770600763,0,0,0,0,0,0,0,0,0.0031940399433043,0,0,0,0,0,0,0,NaN,2.89360000000033
1,3,14,0.131072457540348,0.130576386354741,0.129923820177876,0.128880875902226,0.127542799163485,0.126232301738826,0.125254452368473,0.12470997249863,0.124515754476857,0.124570465386245,0.124811595296273,0.125114097065756,0.125275153267406,0.125173995146215,0.124881498884501,0.124563145225216,0,0.0031940399433043,0,0,0,0,0,0,0,0,0,0,0,0,0,0,NaN,2.85800000000017
1,1,3.04,0.914821561994336,0.916166358943214,0.917849209811804,0.919874418955862,0.922316933073581,0.925091775206049,0.927743986368589,0.929643088306472,0.930511754843244,0.930696816542063,0.930813871291937,0.931216228113356,0.93189079109262,0.932705222565836,0.933583458570691,0.934514191871944,0.099015238242272,0.0926271583556634,0.0926271583556634,0.0862390784690548,0.0766569586393033,0.0638807988659247,0.0574927189793161,0.0574927189794774,0.067074838809229,0.0798509985824462,0.0958211982989677,0.118179477902098,0.124567557788706,0.130955637675315,0.127761597731849,0.121373517845402,NaN,2.50919999999951
1,1,3.48,0.638623648697912,0.638916023832883,0.639331295661209,0.639482958370696,0.639217868883162,0.638482153743767,0.637143098710944,0.635160609068111,0.632856089052235,0.630736135655553,0.629023074667831,0.627586740869217,0.626389032726318,0.62571903920272,0.625765056430299,0.626121440084095,0,0,0,0,0,0,0,0,0,0,0,0,0,0,0.0031940399433043,0,NaN,2.77399999999943
1,1,1.12,0.410531911061385,0.410994915458337,0.410445105813941,0.409157420078747,0.407650586572434,0.406188770881653,0.404729067026797,0.403144763363923,0.401372045995214,0.399487712657699,0.397759658547126,0.39648844726063,0.395696869301797,0.395183303610552,0.395056212851313,0.395919998975001,0,0,0,0,0,0,0,0,0,0,0,0,0,0,0,0,NaN,3.26000000000022
1,1,3.4,0.353670109585072,0.350396577806286,0.346881472908007,0.343581132725612,0.341273278925516,0.340463036297503,0.340774111571788,0.341179681907707,0.340796422458581,0.339385470761296,0.337159359946055,0.33430462472621,0.330954411459011,0.327578806289147,0.324950371669325,0.323482055930661,0,0,0,0,0,0,0,0,0,0,0,0,-0.0031940399433043,0,0,0,NaN,2.77200000000084
1,1,6.08,0.248334287235721,0.24725574958913,0.246318650144631,0.245458310699465,0.244816109951621,0.244614589573416,0.244904780437928,0.24550941452733,0.246311040523305,0.247455879217152,0.249075912951569,0.250894483233761,0.25234397935948,0.253113589752735,0.253420261430519,0.253680489321026,0,0,0,0.0031940399433043,0,0,0,-0.0031940399433043,0,0,0,0,0,0,0,0,NaN,3.33140000000003
1,3,14,0.373361281936764,0.373877309371937,0.373732233778307,0.373086229973718,0.371644664641335,0.369134602026007,0.365399742513823,0.360523924706567,0.355109606167833,0.350049271018752,0.345827257045258,0.34226599307409,0.338988028164576,0.335872796782713,0.33309127834506,0.331057237929241,0.0031940399433043,0,0.0031940399433043,-0.0031940399433043,0,0,0,0,0,0,0,0,0,0,0,0,NaN,2.99549999999999
1,1,4.5,0.297206485467172,0.295322730924272,0.293609896948649,0.292330893591705,0.291380065199415,0.290487587228181,0.289487384144286,0.288381475550621,0.287237389532729,0.286092551508816,0.284983208900069,0.284050329300945,0.283513189601176,0.283452017960975,0.283711490447307,0.28413323877566,0,0,0,0,0,0,0,0,0,0,0,0,0,0,0,0,NaN,3.29199999999946
1,1,2.48,0.261323739361959,0.25931544338397,0.257610267791847,0.256118440750339,0.254645449768437,0.253097216470962,0.251503248200282,0.249884279370985,0.248182278473504,0.246376778333363,0.244646542539061,0.243309272191652,0.242546496029846,0.242275104160942,0.242322618627884,0.242596401580033,0,0,0,0,0,0,0,0,0,0.0031940399433043,0,0,-0.0031940399433043,0,0,0,NaN,2.21570000000065
1,1,1.86,0.256402090058422,0.258148846179346,0.259407873525337,0.259929528630542,0.259768225589001,0.259058489926321,0.257892261101035,0.256414014126137,0.254822298647726,0.253231023460802,0.251628470052507,0.249972150086737,0.248268317655673,0.246544594740093,0.244740420841159,0.242652089597833,0,0,0,0,0,0,0,0.0031940399433043,0,0,0,0,0,0,0,0,NaN,3.04969999999958
1,3,14,0.272120567631419,0.271907806559327,0.271403611436243,0.270834715471539,0.270365738043683,0.270019508387742,0.269726714582405,0.269386539362614,0.268966483597131,0.268654213475186,0.268822855639348,0.269627076550829,0.270602337944119,0.270896093435328,0.270071406679625,0.268587411755903,0,0,0,0,0,0,0,0,0,0,0,0,0,0,0,0,NaN,2.65560000000005
1,1,9.24,0.254427635581239,0.253864754505141,0.253219439476978,0.252637543961864,0.252188362841062,0.251883384543616,0.251722750740734,0.251682967151952,0.251716479436399,0.251838566248156,0.252165074567004,0.252769539708169,0.253527730465356,0.254188496483155,0.254593131028524,0.254771495393884,0,0,0,-0.0031940399433043,0,0,0,0,0,0,0,0,0,0,0,0,NaN,2.95150000000012
1,1,3.38,0.246552890670235,0.244053050182886,0.242149686234404,0.24073662073751,0.239500926799894,0.238251064526938,0.236971775676259,0.235773065010243,0.234823635225451,0.234200340174651,0.233753861009706,0.233200000886957,0.23240923458406,0.231600878814188,0.231189451076705,0.231395734886812,0,0,0,0,0,0,0,0,0,0,0,0,0,0,-0.0031940399433043,0,NaN,2.94970000000012
1,1,8.36,0.260525730103446,0.259022405591414,0.25768319850601,0.256470091873081,0.255310954322846,0.254320130300031,0.253836407308105,0.254040975106379,0.254583183713561,0.254782017496415,0.254215940938632,0.2529999178213,0.251546325960503,0.250212478704323,0.24904904121598,0.247611487318107,0,0,0,0,0,0,0,0,0,0,0,0,0,0,0,0,NaN,2.39549999999963
1,1,10.32,0.315936272495443,0.316929428987853,0.317585883754494,0.317801403796064,0.317488449838694,0.316765656117312,0.315953946951826,0.315350455570216,0.31499784724759,0.31460599407811,0.313740448856136,0.312193209997247,0.310138786601448,0.307884645655128,0.305578876158545,0.303231988505597,0,0,0,0,0,0,0,0,-0.0031940399433043,0,0,0,0,0.0031940399433043,0,0,NaN,3.3752999999997
1,1,0.52,0.35683123921134,0.356466472103267,0.355640825080497,0.354169070084535,0.35222444664262,0.350084028651153,0.347857725477669,0.345564262394474,0.34337554350942,0.341614255285318,0.340466659091277,0.339816366254361,0.339426680284599,0.339182810791474,0.339100481874787,0.339179385069282,0,0,0,0,0,0,0,0,0,0,0,0,0,0,0,0,NaN,2.99150000000009
1,1,2.42,0.213534058864667,0.214113380881558,0.215347421440155,0.217439813394662,0.220172815437901,0.222920933807676,0.225044269175449,0.226343197084347,0.22718098485686,0.228123884428266,0.229435255539264,0.230927151983176,0.232259480617326,0.233302744553244,0.234157510604336,0.234869910177727,0,0,0,0,0,0,0,0,0,0,0,0,0,0,0,0,NaN,3.27369999999974
1,1,6.14,0.697675378953831,0.698750688836586,0.699426317672035,0.699629248620242,0.699523252865559,0.699387941326927,0.699349209308007,0.699461785931684,0.700168387435616,0.702345638597701,0.706393527335942,0.711332701631573,0.715328876978845,0.717274958863447,0.717627752742892,0.717765377892445,0.0798509985824462,0.0734629186958376,0.0638807988660861,0.0606867589226204,0.0606867589227818,0.0638807988659247,0.0734629186958376,0.0830450385257505,0.0926271583556634,0.099015238242272,0.0926271583558248,0.0830450385257505,0.067074838809229,0.0447165592062602,0.0287463594895773,0.00958211982991291,NaN,2.91399999999976
1,3,14,0.571766106976836,0.571740718170139,0.571911880410603,0.572224188101854,0.572620978102783,0.573079331569475,0.573647297802536,0.574353633702804,0.575071890880305,0.575567921289929,0.575743210409222,0.575773014359349,0.575915677101833,0.576223061794691,0.576591630119284,0.577144033087462,0,0,0,0,0,0,0,-0.0031940399433043,0,0,0,0.0031940399433043,0,0.0031940399433043,0,-0.0031940399433043,NaN,2.61000000000058
1,1,2.84,0.632819169406696,0.634617479675259,0.636166719651028,0.638258718069437,0.641002574545003,0.643798750702313,0.6458018347428,0.646650491052646,0.646787923152017,0.646972981835567,0.647568761150349,0.648440060293638,0.649429148517478,0.650660774924445,0.652236239690186,0.653753387347253,0,0,0,0,0,0,0,0,0,0,0,0,0,0,0,0,NaN,2.61399999999958
1,0,1.18,0.936782297949838,0.933464167426507,0.93593001361544,0.942707165851744,0.95015836603233,0.955657606247773,0.958818212935154,0.96061574677401,0.961997452050388,0.963267769543115,0.964326447547669,0.96504451701339,0.965408999164576,0.965562679536951,0.965790658073764,0.966387146999475,0.114985437958794,0.0926271583556634,0.0734629186958376,0.0606867589226204,0.0447165592062602,0.0351344393761859,0.0383284793196516,0.0511046390928688,0.0702688787525333,0.0894331184123591,0.102209278185576,0.105403318128881,0.099015238242272,0.0830450385257505,0.067074838809229,0.0511046390928688,1.63843614,3.07549999999992
1,0,4,0.53070356605188,0.529349220306091,0.528472576194086,0.527152884572041,0.525374053571018,0.523804883240569,0.523251221239961,0.524051822257096,0.525923300318541,0.528417351961704,0.531317400176433,0.534513695757329,0.537748749825138,0.540675346118913,0.543160179756291,0.545480418198781,0,0,0,0,0,0,0,0,0,0,0,0,0,0,0.00319403994314292,0,4.51811481,2.77129999999943
1,3,14,0.417639828978728,0.417707849195147,0.417867866850322,0.417986055330475,0.418032654296887,0.418079778588883,0.418229730654825,0.418532398182838,0.418957950158749,0.419439433286163,0.419926476437301,0.420417387635959,0.420974191052486,0.421688988368437,0.422619920367077,0.423805875164246,0,0,0,0,0,0,0,0,0,0,0,0,0,0.0031940399433043,0,0,NaN,4.95550000000003
1,1,1.22,0.33384624448837,0.335481837002546,0.336812590406266,0.337990001499063,0.339078178508492,0.340103171388649,0.341144053948119,0.342301067367066,0.34361390024833,0.345083801055868,0.346753225676176,0.348612867647295,0.350353071394602,0.351379563270444,0.351291116316374,0.350341738917732,-0.0031940399433043,0,0,0.0031940399433043,0,0,0.0031940399433043,0,0,0,-0.0031940399433043,0,0,0,0,0,NaN,3.05169999999998
1,1,5.48,0.384209454378969,0.386163127970286,0.38784720588649,0.389303564459977,0.390377264595488,0.390845586515741,0.390690309111255,0.390128781162789,0.389230604657761,0.387704187549214,0.385294970131718,0.38220493585153,0.378900025513277,0.375699123748621,0.372762759325244,0.370289446101064,-0.0031940399433043,-0.0031940399433043,0,-0.0031940399433043,0,0.0031940399433043,0,0,0,0,0,0,0,0,0,0,NaN,3.09370000000035
1,1,2.32,0.322967451930493,0.323533195358013,0.323365741293204,0.32218731770366,0.320169144646235,0.317694608597006,0.315031794213931,0.312371210409686,0.309939074802695,0.307876837504308,0.306111010260765,0.304452127523503,0.302775543035018,0.301106420881984,0.29964074986277,0.298666563015187,0,0,0,0,0,0,0,0,0,0,0,0,0,0,0,0,NaN,2.61359999999968
1,1,0.78,0.30326351251321,0.301074454818755,0.299502482294227,0.298404928915385,0.297389506487675,0.296138934250563,0.294631132565411,0.293204235581998,0.29235851706684,0.292318839287971,0.292798214680907,0.293291042233091,0.293537303415811,0.293606334539943,0.293613560855395,0.293519840604933,0,0,0,0,0,0,0,0,0,0,0,0,0,0,0,0,NaN,2.77369999999974
1,3,14,0.282749047074685,0.283283039235062,0.283450296163991,0.28319382646199,0.282708262527666,0.282294041863561,0.282081285414384,0.28199670347536,0.282008681794428,0.282264557482263,0.282862633844678,0.283545372512286,0.283805050700643,0.283392122103155,0.282623780454111,0.282068370476662,0,0,0,0,0,0,0,0,0,0,0,0,0,0,0,0,NaN,2.69369999999981
1,1,7.24,0.299349369338266,0.297642384945702,0.296850834212036,0.297345843735605,0.298545723921934,0.299352860675823,0.299119818208725,0.298090473485583,0.297009552939885,0.296477351181045,0.296612019259779,0.2971496649444,0.297784279140144,0.298372208253331,0.298832076377763,0.299008403817879,0,0,0,0,0,0,0,0,0,0,0,0,0,0,0,0,NaN,3.14940000000024
1,1,7.7,0.394614701414792,0.395391208919165,0.396012271844293,0.396192562133414,0.395740806130898,0.395004473775387,0.394688822813852,0.395160387646389,0.396057098469713,0.39667962938982,0.396678340472196,0.396225724767871,0.395587656719224,0.394761640687656,0.393595811840833,0.392058061036109,0,0,0,0,0,0,0.0031940399433043,0,-0.0031940399433043,0,0,0,0,0,0,0,NaN,2.43409999999949
1,1,0.72,0.296115713094811,0.295094433887829,0.29468764441439,0.29554303776177,0.297334370396002,0.299266650122215,0.300794491826597,0.301845380484784,0.302579747727874,0.303105729374961,0.303413706200765,0.303459049962153,0.303232608553101,0.302795378562778,0.302236347914861,0.301525656737438,0,0,0,0,0,0,0,0,0,0,0,0,0,0,0,0,NaN,2.3716000000004
1,1,2.06,0.378045212174978,0.377171831421914,0.376233140471352,0.375027112229528,0.373512661832513,0.371967992092469,0.370854087220086,0.37039629373977,0.370354313728153,0.370287266651053,0.36997279049822,0.369474016743795,0.368874342749053,0.368109396236063,0.367085379170938,0.365826838033255,0,0,0,0,0,0,0,0,0,0,0,0,0,0,0,0,NaN,2.4974000000002
1,1,0.46,0.258283791483256,0.258792775597013,0.259120150448515,0.259238904797665,0.259012945796135,0.258282615392879,0.257071959214814,0.255571515826912,0.25375074063527,0.251193061628287,0.247602139202501,0.2433376971864,0.239177119166865,0.235601897749575,0.232473449658545,0.229314816699735,0,0,0.0031940399433043,0,0,0,0,0,0,0,0,0,0,0,0,0,NaN,2.57639999999992
1,1,1.44,0.25618932197715,0.256091860639785,0.255708722066658,0.254923780842015,0.253859514929346,0.252677318914866,0.251387866013506,0.249917710634018,0.248271052422397,0.246546138026319,0.244835001343504,0.243141306642664,0.241362014084814,0.239362031625455,0.237170303244517,0.235156596644183,0,0,0,0,0,0,0,0,0,0,0,0,0,0,0,0,NaN,2.7559999999994
1,1,5.26,0.275770664047289,0.278234824942123,0.280717847485389,0.283519550248675,0.286721438147538,0.289970450703735,0.292664740684363,0.294456925117016,0.295509204615735,0.296250242949331,0.297015318877504,0.297848968702888,0.298415678369453,0.2981615233447,0.296799165441092,0.29457739850545,0,0,0,0,0,0,0,0,0,0,0,0,0,0,0,0,NaN,2.3778999999995
1,1,5.7,0.218317376335681,0.218757097437619,0.218983924298074,0.218901127354657,0.21859187409754,0.218094122189154,0.217280503796523,0.216002838143736,0.214178289124335,0.211713803458845,0.208630878518034,0.205363850693583,0.202651546123389,0.200939293995512,0.199995679228573,0.199177411432476,0,0,0,0,0,0,0,0,0,0,0,0,0,0,0,0,NaN,3.43350000000009
1,1,0.7,0.192988415565011,0.192758646755201,0.192599358712399,0.192412025892723,0.192022186065409,0.191349599167261,0.190483904485693,0.18954434213857,0.188533784918924,0.187419575801468,0.186326382034299,0.185525163533297,0.185159593273408,0.185042770938815,0.184811161124469,0.18425992161952,0,0,0,0,0,0,0,0.0031940399433043,0,0,0,0,0,0,0,0,NaN,3.01800000000003
1,1,0.28,0.217421967908102,0.221178024857787,0.224596646887979,0.227394610362835,0.229714570290175,0.232094356845503,0.235111170295157,0.238971657718054,0.243434291555801,0.248138405015905,0.252899129654552,0.257642160099332,0.262224072775491,0.266477247753962,0.270441873213524,0.274504965597625,0,-0.0031940399433043,0,0,0,0,0,0,0,0,0,0,0,0,-0.0031940399433043,0,NaN,2.49409999999989
1,1,7.36,0.373153053400882,0.370914638717095,0.369502841006887,0.368741870701215,0.368026824931151,0.366911659080401,0.365347124388287,0.363588858831355,0.361944254291794,0.360586716207132,0.359587993386788,0.35900147856488,0.358794737662557,0.358833963366194,0.35911843694585,0.359904287081053,0,-0.0031940399433043,0,0,0,0.0031940399433043,0,0,0,0,0,0,0,0,0,0,NaN,2.89359999999942
1,1,8.96,0.279130694162331,0.27857917937485,0.278177646731291,0.277847163687477,0.277573254714917,0.277208579474932,0.276490715468066,0.275286967945994,0.273712746837957,0.271963196602684,0.270196115733225,0.268691643982763,0.267909966913442,0.268131848915335,0.269106143250619,0.270211929620859,0,0,0,0,0,0,0,0,0,0,0,0,0,0,0,0,NaN,2.54979999999978
1,1,2.58,0.300497356444497,0.299438133944139,0.29893427120924,0.299119804898153,0.299608304373043,0.299831305309819,0.299540237920013,0.299034001481221,0.298872391721695,0.299354519061784,0.300296977799837,0.301285027959757,0.302040636506283,0.302505606121582,0.302633390140338,0.302254921538172,0,0,0,0,0,0,0,0,0,0,0,0,0,0,0,0,NaN,2.47369999999955
1,1,1.34,0.242747002294911,0.242047925965238,0.241341695630628,0.240967823659597,0.24087960977039,0.240752537194027,0.240226136659927,0.239204926913524,0.23803912714514,0.23730661100928,0.237299377381316,0.237766017891284,0.238204270563272,0.238324761085554,0.23819009964323,0.238026786744118,0,0,0,0,0,0,0,0,0,0,0,0,0,0,0,0,NaN,2.49609999999939
1,2,4.51587103316194,0.366726809928432,0.364779509302702,0.363246370627123,0.362132324400683,0.3614677739938,0.361243119331095,0.361347308645109,0.361638236968772,0.362209262559219,0.363446013951062,0.365606537890467,0.36846927138646,0.371561342439894,0.37456722056758,0.377364838602521,0.379860141483805,0.0031940399433043,0,0,0,0,0,0,0,0,0,0,0,0,0,0,0,4.50514944,2.75190000000021
1,0,0.32,0.33746008412629,0.336012702959297,0.334258048970784,0.332432797231029,0.330902056618566,0.329844589317353,0.329125141660412,0.328523265931702,0.327982583612443,0.327563538861986,0.327246121685778,0.326899826731632,0.326477435367935,0.32619481972592,0.326409842825613,0.32725961352844,0,0,0,0,0,0,0,0,0,0,0,0,0,0,0,0,0.4576209,14.2343000000001
1,2,0.881779555290864,0.34246503590685,0.34361454696201,0.344555588263371,0.344918259416417,0.344827909321971,0.344622525884068,0.344517645183593,0.344486129847438,0.34425659861508,0.343440669958619,0.341881153813559,0.339922160662376,0.338188409805809,0.337059752492541,0.336420092070808,0.335852098038292,0,0,0,0,0,0,0,0,0,0,0,0,0,0,0,0,0.868779779999999,3.21199999999953
1,1,3.72,0.344203040853682,0.340494142179147,0.335527295828057,0.330203385083982,0.325079598816686,0.32029750635467,0.31591271428687,0.311958725719399,0.308341927603916,0.304932890120912,0.301722013874474,0.298823119649083,0.296463859898355,0.294952636172325,0.294395295198042,0.294432226388642,0,-0.0031940399433043,0,0,0,0,0.0031940399433043,0,0,0,0,0,0,0,0,0,NaN,14.5726999999997
1,1,3.3,0.349922504403739,0.348951603836611,0.348259937753164,0.347916674751275,0.347821944321527,0.34780927617995,0.34779883250235,0.347806966647322,0.347863000685755,0.347973880012744,0.348148447060278,0.348410140493118,0.348757402599525,0.349125415861261,0.349476136095989,0.349986364240591,0,0,0,0,0,0,0,0,0,0,0,0,0,0,0,0,NaN,2.88970000000063
2,1,3.82,0.53244016303809,0.524032421105596,0.516594068410133,0.509921731799826,0.503433357440787,0.496521920925386,0.489085473380391,0.481799549468189,0.475733032783119,0.471470144463221,0.468703433529385,0.466721148236192,0.464997557541167,0.463358597180532,0.462038456763401,0.461585788379047,0.0031940399433043,0,0,0,0,0,0,0,0,0,0,0,0,0,0,0,NaN,2.67180000000008
2,1,4.28,0.230142133103446,0.229975846245583,0.230185442535352,0.230673612238689,0.231259229485227,0.231763080344679,0.232172908218955,0.232790857836102,0.234121104389454,0.236383202970671,0.239135711852548,0.241579022530484,0.243258891937457,0.244357265613435,0.245346909348915,0.246535333826107,0,0,0,0,0,0,0,0,0,0,0,0,0,0,0,0,NaN,3.13749999999982
2,3,14,0.321277663469141,0.323986894185437,0.326922341967073,0.330735105366688,0.335754723001694,0.341483128383611,0.346996180002981,0.351770762098012,0.355912672826191,0.359696191969034,0.363194415348033,0.366420581751963,0.369638807185723,0.373321747136891,0.377581320162471,0.381578321065364,0,0,0,0,0,0,0,0,0,0,0,0,0,0,0,0,NaN,2.90560000000005
2,1,3.08,0.548696290327205,0.547104008111662,0.547303715224373,0.548887945432984,0.551136385583072,0.553624033834722,0.556146038115732,0.558444036655647,0.560304222151965,0.561812752932406,0.563352639048779,0.565322191754966,0.567877808121651,0.570980739570313,0.5746169085515,0.57877440248711,0,0,0,0,0,0,0,0,-0.00319403994314292,0,0.00319403994314292,0,0,0,0,0,NaN,2.78799999999956
2,1,1.66,0.579066626792875,0.580197315524854,0.581558884351574,0.583099183038905,0.584736440104956,0.586290968925134,0.587573200803438,0.588431268764098,0.588552835370635,0.587398183171177,0.584711400575746,0.581046200254787,0.577434472328328,0.574528028446727,0.572210228864496,0.569893398338075,0,0,0,0,0,0.0031940399433043,0,0.0031940399433043,0,0,0,0,0,0,0,0,NaN,3.3756000000003
2,1,4,0.409172023249413,0.411555782795185,0.414202393994652,0.417180170985116,0.42040796350519,0.423722881606882,0.427023881960113,0.430306642019323,0.433600388562413,0.436911323525066,0.440214326589944,0.443485204870789,0.446719817192573,0.449824034149573,0.452422941666108,0.453981973712409,0,0,-0.0031940399433043,0,0,0.0031940399433043,0,0,0,0,0,0,0,0,0,0,NaN,2.83399999999983
2,1,0.78,0.389232495272261,0.386592900675858,0.384152035270688,0.381906592859744,0.379657496043307,0.377167740725844,0.374406793127508,0.371760940013217,0.369865574944246,0.36905312816706,0.369046161802004,0.369291400222702,0.369454203932339,0.369523325840874,0.369631461499368,0.369898884608386,0,0,0,0,-0.0031940399433043,0,0,0,0,0,0,0,0,0,-0.0031940399433043,0,NaN,3.22960000000057
2,1,3.04,0.274712769092787,0.273002127874802,0.271878406246209,0.271654054561799,0.272125120346544,0.272636686954692,0.272532145175517,0.271639655914576,0.270429333601258,0.269630337653753,0.269606185007371,0.270135164113206,0.270772239341446,0.271276677773042,0.271663496075836,0.272013818412284,0,0,0,0,0,0,0,0,0,0,0,0,0,0,0,0,NaN,2.75
2,1,6.02,0.285701390871165,0.287576271281993,0.289288394803987,0.290746436888933,0.292014639198026,0.293244897529273,0.294537328712612,0.295892709432119,0.297275799357462,0.298688351771609,0.300144031453474,0.301549864789342,0.302660464043264,0.303249674772948,0.303401805997166,0.303646392702227,0,0,0,0,0,0,0,0,0,0,0,0,-0.0031940399433043,0,0,0,NaN,3.08989999999994
2,1,0.76,0.210779790821011,0.208273162289468,0.205785079757036,0.203633705674562,0.201964660675087,0.200649317825254,0.199548169050973,0.198734489115315,0.198355846829063,0.198438277999707,0.198926503146305,0.199764907374285,0.200856499392251,0.202041966645738,0.203176903016657,0.204242281443591,0,0,0,0,0,0,0,0,0,0,0,0,0,0,0,0,NaN,2.89359999999942
2,1,0.96,0.278739246406105,0.278182459856716,0.277845762906638,0.277993694674703,0.278535932812042,0.279001088278738,0.278829987369392,0.277802473975278,0.27619147714053,0.274455102209712,0.272832589355007,0.271264054386196,0.269589564684239,0.267743157731032,0.265782679374282,0.263792784097227,0,0,0,0,0,0,0,0,0,0,0,0,0,0,0,0,NaN,2.41600000000017
2,3,14,0.297536825231378,0.297465234675135,0.297304460455734,0.296874554102212,0.296241241525895,0.295559194526116,0.294893320836959,0.294238618809715,0.293660475263453,0.293316775592474,0.293296220776431,0.293493383563457,0.293707303415118,0.293824744508237,0.293852166044014,0.293814782666468,0,0,0,0,0,0,0,0,0,0,0,0,0,0,0,0,NaN,2.57369999999992
2,1,1.74,0.357022721703408,0.359625906456891,0.362206043096667,0.364467393705176,0.366356772778505,0.367902252491409,0.369133660963072,0.370138170689086,0.371033787361749,0.371872705969583,0.372613950103836,0.373140323799676,0.373304706447424,0.373062202958369,0.372554901219965,0.371978310989685,0,-0.0031940399433043,0,0,0,0,0,0,0.0031940399433043,0,0,-0.0031940399433043,0,0,0,0,NaN,3.09360000000015
2,1,7.02,0.706197998373177,0.710133645255967,0.713504394829661,0.71634548347576,0.718730114155998,0.7211303502782,0.724250521300442,0.728346529610792,0.732701953694674,0.736049360767432,0.737761894623426,0.738529402459978,0.739678140171646,0.741927768184884,0.744971631998518,0.748111086271607,0.00958211982991291,0.0127761597732172,0.0159701997163601,0.0223582796031301,0.0223582796031301,0.0255523195464344,0.0191642396596644,0.0191642396598258,0.0127761597732172,0.00638807988660861,0,-0.00958211982991291,-0.0127761597732172,-0.0191642396596644,-0.0159701997165215,-0.00958211982991291,NaN,2.47350000000006
2,1,9.96,0.945931620402088,0.937721679321578,0.9299637687798,0.92243553272646,0.915082391873798,0.907901464751824,0.900783983717212,0.893587074973748,0.886335811158144,0.879333600954402,0.872990588375785,0.867571616146129,0.863338988527806,0.860828587024695,0.860465443501561,0.861780881872222,0,0,0,-0.0031940399433043,0,0,-0.0031940399433043,0,0.0031940399433043,0,0,0,0,0,0,0,NaN,2.50970000000052
2,1,7.16,1.23305311870191,1.22774373134647,1.2231428600704,1.21891447707747,1.21437541961937,1.20930672838661,1.20387753469948,1.19797414891695,1.19101894919762,1.18249520932088,1.17215803241955,1.15972476235418,1.14509835504005,1.12906246199641,1.11315406948965,1.09857454407838,-0.00319403994314292,0,0,0,0.00319403994314292,0,0,-0.00319403994314292,0,0,0.00319403994314292,0.0031940399433043,0,0,0,-0.0031940399433043,NaN,3.14949999999953
2,1,5.72,0.685414876730403,0.683346360246823,0.681161911642528,0.67906612644105,0.677289401882352,0.675921699252631,0.674775954999665,0.673487468032342,0.671925543257404,0.670589193202247,0.67041471305162,0.671946143157566,0.67474697985465,0.67774986785322,0.680083982044439,0.681579621706632,0.0031940399433043,0,0,-0.0031940399433043,0,0,0,0,0,0,0,0,0,0,0,0,NaN,2.67189999999937
2,1,6.5,0.557944695015638,0.551710774874019,0.544453151398966,0.537029175764918,0.530946019927778,0.527099370671482,0.524947586268467,0.523098239691175,0.520477685703004,0.516948986643101,0.513180573458208,0.51003987622033,0.507937513048926,0.506666642503688,0.505785144168655,0.504989727056659,0.0031940399433043,0,0,0,0,0,0,0,0,0,0,0,0,0,0,0,NaN,2.33200000000033
2,1,0.18,0.693358273296768,0.69880566791463,0.70347434096085,0.706920478209883,0.709210171192485,0.710608401463276,0.711393279781946,0.7117425244553,0.711410800113679,0.70972835785065,0.706106737179709,0.700084798039675,0.691000840007732,0.678712940026446,0.664803190437177,0.651974747130133,NaN,0,-0.0031940399433043,-0.0031940399433043,0,-0.0031940399433043,0,0.0031940399433043,0,0,0,0,0,0,0,0,NaN,2.61800000000039
2,1,7.96,0.444695086107731,0.442509848223967,0.439931155976552,0.436796641911278,0.433392272373843,0.430335622156248,0.428037134270805,0.426482674063133,0.425476100074478,0.424836672406594,0.424421720289393,0.424240686464687,0.424520936315278,0.425451064090596,0.426900868407183,0.428524504721942,0,0,0,0,0,0,0,0,0,0,0,0,0,0,0,0,NaN,2.83399999999983
2,1,1.54,0.391898040343584,0.394224766655803,0.397448678136561,0.400991292244411,0.403808674420882,0.405362119261008,0.40599285640767,0.406325594436443,0.406601737557949,0.406700932939562,0.40651032071385,0.406062259696793,0.405445009204078,0.4047122580667,0.403845250506957,0.402784154238059,0,0,0,0,0,0,0,0,0,0,0,0,0,0,0,0,NaN,3.65770000000066
2,1,2.64,0.452139113307179,0.454356857983116,0.456839700824126,0.459930935992553,0.463855747234222,0.468421946548831,0.473238007619658,0.478067416987623,0.48281217691843,0.487300632759594,0.491315087155442,0.494895626885409,0.498580422209981,0.503172130638183,0.508958722301346,0.515089932924418,0,0,0,0,0,0,0,0,0,0,0,0,0,0,0,0,NaN,3.11550000000079
2,1,10,0.436755969281156,0.434598255559248,0.432485099924434,0.430282280289826,0.428175323525721,0.42655834401655,0.425642089921959,0.425226411256268,0.4249144579891,0.424466602644961,0.42386791940037,0.423123372757696,0.422132960162082,0.420869105229173,0.419625199450807,0.41888866431208,0,0,0,0,0,0,0,0,0,0,0,0,0,0,0,0,NaN,3.00979999999981
2,1,6.66,0.414711595455526,0.416660572131841,0.418484339472202,0.419786467044281,0.420411460259468,0.420986851652105,0.42264615342418,0.425995178081287,0.430544606241578,0.435311637623488,0.439740098416684,0.443891523847312,0.448019617382365,0.452229075871663,0.456495544201098,0.460833452237692,NaN,0,0,0,0,0,0,0,0,0,0,0,-0.0031940399433043,0,0,0.0031940399433043,NaN,3.41399999999976
2,1,4.7,0.466914909076417,0.466532379761702,0.465908605797299,0.464869782420047,0.463777179770565,0.463303640281164,0.463800522910336,0.465000817596028,0.466398812323711,0.467740776419641,0.469042067931556,0.470307252287189,0.471423074161869,0.472264848952775,0.472732831422319,0.472697649771578,NaN,0,0,0,0,0,0,0,0,0,0,0,0,0,0,0.0031940399433043,NaN,2.77530000000024
2,1,0.8,0.547168354089384,0.541487296976454,0.536196718539465,0.531261119656154,0.526586624788428,0.522091041214003,0.517796002381924,0.513809693884724,0.510337929262719,0.507685559313726,0.50601399428427,0.505073604537438,0.50432420371969,0.50332266651239,0.502049083057396,0.501047370800962,0,0,0,0.0031940399433043,0,0,0,0,0,0,0,0,0,0,0,0,NaN,3.19760000000042
2,1,8.54,0.37864293393762,0.377924984929498,0.376499926166956,0.374728098751157,0.373318537298538,0.372678713867751,0.372617305178073,0.372682008291284,0.372605976883368,0.372393106275816,0.372160728360985,0.372008593557662,0.371901226594726,0.371525408127153,0.3703850998722,0.368262425974134,0,0,0,0,0,0,0,0,0,0,0,0,0,0,0,0,NaN,3.44959999999992
2,1,0.56,0.496850189907347,0.499267207946788,0.501720407244543,0.504266904806413,0.506821369509818,0.509092505046985,0.510889476168964,0.512425189069626,0.51422246957207,0.516672807066972,0.519630999246017,0.522378992868067,0.524066836104163,0.524302530254001,0.523221402674586,0.521031843280144,0,0,0,0,0,0,0,0,0,0,0,0,0,0,0,0,NaN,2.17569999999978
2,1,2.4,0.475463680853036,0.475084532721201,0.474430120903474,0.47365663098652,0.472864422103184,0.472134462035516,0.471492145273944,0.470917174342962,0.470453196150119,0.470240611205878,0.470399915587306,0.47096572968304,0.471945949507182,0.473322626342847,0.474992282608672,0.476818310821789,0,0,0,0,0,0,0,0,0,0,0,0,0,0,0,0,NaN,3.07330000000002
2,2,0.00999750062688055,0.473612631084609,0.474804665810246,0.476446326832456,0.478331385385182,0.480531682930739,0.483158149145977,0.485921120949334,0.488194931373133,0.489599886714833,0.490371412592064,0.491094393375774,0.492190447150353,0.493643361408313,0.49500360534984,0.495646527886829,0.495333974219649,0,0,0,0,0,0,0,0,0,0,0,0,0,0,0,0,3.333e-05,5.67140000000018
2,3,14,0.427663991767168,0.425639285147132,0.423494521627823,0.421439318831431,0.419492529450697,0.417777791227424,0.416608669336494,0.416149601988315,0.416112202071398,0.415976987745231,0.415473482991798,0.414683322809441,0.41371577123252,0.412490802252203,0.4108683826273,0.408777141376559,0,0,0,0,0,0,0,0.0031940399433043,0,0,0,0,0,0,0,0,NaN,14.1390000000001
2,1,1.9,0.348194321559116,0.349842598954577,0.351771302697529,0.353747639090466,0.355622577246949,0.357419400776614,0.359255695644797,0.361221231478749,0.363353530695565,0.365753971812452,0.368629227224167,0.372000311785781,0.375359693281837,0.377921877311224,0.379371267162474,0.380076424124262,0,0,0,0,0,0,0,0,0,0,0,0,0,0,0,0,NaN,2.47760000000017
2,3,14,0.34591542427422,0.34828295316652,0.35081871273396,0.353653258213948,0.356701907566697,0.35980107833658,0.36287190372198,0.365917170850149,0.368909497271169,0.371754017384586,0.374372341049266,0.376776199775304,0.379046901569478,0.381278635096006,0.383505440568007,0.385607700346899,0,0,0,0,0,0,0,0,0,0,0,0,0,0,0,0,NaN,2.65179999999964
2,1,1.14,0.429103368471989,0.428095591240976,0.428104733968223,0.428857835246673,0.429851112558497,0.430777438752264,0.431555603301614,0.432168864879434,0.432647148099674,0.433072857395479,0.433416534097787,0.433446232152581,0.433075781175525,0.432885966463827,0.43395591118906,0.436769359409297,0,0,0,0,0,0,0,0,0,0,0,0,0,0,0,0,NaN,3.45200000000023
2,1,0.84,0.367941164397287,0.364972562971616,0.362230213436559,0.360373912559801,0.359725676965112,0.359953260168089,0.360449278914034,0.360858906592043,0.36111430509538,0.361173762541221,0.360954992424146,0.360488333163147,0.360013949252941,0.359857408319774,0.360118226336676,0.360431153572929,0,0,0,0,0,0,0,0,0,0,0,0,0,0,0,0,NaN,2.3741
2,1,2.34,0.345334279258552,0.347477896037581,0.349583544954185,0.351492830071003,0.352839839248473,0.353371663927013,0.353153713558097,0.352398158738786,0.351269865214653,0.349879094889418,0.348260234303141,0.346351255465007,0.344199450579871,0.342248066288128,0.341206197935914,0.341407559778523,0,0,0,0,0,0,0,0,0,0,0,0,0,0,0,0,NaN,2.57570000000032
2,1,0.06,0.430869327183665,0.431622850720805,0.432549553441982,0.433625679958938,0.434805476274594,0.436056873805461,0.437365442527619,0.438715761585791,0.440081845394967,0.441469512881832,0.443018626626999,0.444989197188901,0.447453590234875,0.449973121438609,0.451805791577498,0.45256694886585,0,0,0,0,0,0,0,0,0,0,0,0,0,0,0,0,NaN,3.51170000000002
2,1,1.82,0.344246417909059,0.344308170646358,0.344122938933362,0.344031298491908,0.344025676039616,0.343901469562443,0.343454787719113,0.342576145909911,0.341142125153541,0.338917253640373,0.335818896734427,0.332273729940673,0.32902545535336,0.326504907937959,0.324539002511677,0.322677645265164,0,0,0,0,0,0,0,0,0,0,0,0,0,0,0,0,NaN,2.73800000000028
2,1,0.76,0.326842169199155,0.329381510370765,0.331485625329783,0.332671514300411,0.33310003028293,0.333203900964654,0.333279934004021,0.333377050956546,0.333299495356458,0.332710808481798,0.33146031152321,0.329832407226814,0.328330541936034,0.327227353553021,0.326442629889534,0.325820983562802,0,0,0,0,0,0,0,0,0,0,0,0,0,0,0,0,NaN,3.07369999999992
2,1,3.04,0.481796711669785,0.480808686339509,0.479303728456436,0.477773339565052,0.476668917754338,0.476109528226263,0.475894078439658,0.475755187635474,0.475509119809505,0.474943377438743,0.473779124668208,0.471926751264517,0.469599597168174,0.466963693533246,0.463860040673975,0.460105716012769,0,0,0,0,0,0,0,0,0,0,0,0,0,0,0,0,NaN,2.8755000000001
2,0,1.74,0.45295342810706,0.454261590279932,0.455207291492518,0.456192796716918,0.457514981470258,0.45906790462002,0.460394182289206,0.461045393656485,0.461105924432588,0.461536733107157,0.463737057823873,0.468314810409826,0.474351798727339,0.480227907283299,0.485063162273595,0.489096561158303,0,-0.0031940399433043,0,-0.0031940399433043,0,0,0,0,0,0,0,0,0,0,0,0,4.35059823,3.38959999999952
2,2,0.627843039368098,0.765531475756453,0.761891595464654,0.757969528499627,0.75330235511373,0.746668213770318,0.737298379463002,0.725754673621702,0.713224796975184,0.7005119236469,0.68809071067987,0.676495332440465,0.666049178762076,0.656477388271317,0.647182430966423,0.637805989524219,0.628397988807505,0,0,0,0.0031940399433043,0,0,0,0,0,0,0,0,0,0,0,0,0.61553844,4.72960000000057
2,0,0.1,0.393510900015806,0.389608589984494,0.385388316530333,0.38082303894874,0.375904908679434,0.370957229892759,0.366567129202825,0.363075840916029,0.360265123556217,0.357629184080627,0.354830273565777,0.351875155723647,0.349040832116788,0.346681067055782,0.344963559971975,0.343743855592978,0,0,0,0,0,0,0,0,0,0,0,0,0,0,0,0,0.71116221,14.1987000000008
2,2,1.55761059766799,0.423553741834776,0.421644765579032,0.419926719155699,0.418367178094349,0.416942241736352,0.415642974645339,0.414452808588199,0.41334059670335,0.412273990980654,0.411298408917366,0.410698876080245,0.410961190023407,0.412305827827908,0.414279744181619,0.416049283170325,0.417118384378473,0,0,0,0,0,0,0.0031940399433043,0,0,0,0,0,0,0,0,0,1.54281237,2.98949999999968
2,0,0.04,0.362748554489922,0.363079869188452,0.362344172431813,0.361421210539156,0.360941073010445,0.360947842312868,0.36101184932297,0.360591715813839,0.359457119433885,0.357828132543762,0.356093328246646,0.354465373395968,0.35292893303567,0.351393232899083,0.349803391715956,0.348157807753258,0,0,0,0,0,0,0,0,0,0,0,0,0,0,0,0,0.42075792,14.4526000000005
2,2,0.449887528209625,0.432452989832129,0.429358501103427,0.426414102591347,0.423398632371783,0.420312315642454,0.417306646163347,0.414555881061074,0.41215745313647,0.410136182137843,0.408497005979093,0.407189310439367,0.406094456480646,0.405192138797416,0.404657313743027,0.404641107399531,0.405034203268897,0,0,0,0,0,0,0,0,0,0,0,0,0,0,0,0,0.43555644,2.90939999999955
2,2,0.402899275263286,0.352663307920661,0.352104100856043,0.351988497257526,0.351864074165658,0.351865412987982,0.352275933188607,0.353271857893273,0.354860403779967,0.356887572137544,0.359159768374541,0.361561341991072,0.364042220408799,0.366574354653444,0.369146060021451,0.371734699521189,0.374273928251079,0,0,0,0,0,0,0,0,0,0,0,0,0,0,0,0,0.38712795,14.3183000000008
2,0,6.66,0.317856658813967,0.317108276880807,0.317042533687448,0.317595898379902,0.318399463759851,0.318821173885305,0.318468856114193,0.317528731896202,0.316544201149223,0.315952910919026,0.31587592298915,0.316282339575792,0.317204555868003,0.318643702343799,0.3203472387605,0.321924060948888,NaN,0,0,0,0,0,0,0,0,0,0,0,0,0,0,0,7.7252274,14.4164000000001
2,2,1.60059985036358,0.28717157185795,0.287759150521934,0.288460227246168,0.289328228343167,0.290291137259346,0.291175324814183,0.291862407998185,0.292327398559838,0.292548047360251,0.292494258546224,0.292233773954638,0.291976299079298,0.291959357609231,0.292271415451476,0.292790476264775,0.293314229365272,0,0,0,0,0,0,0,0,0,0,0,0,0,0,0,0,1.58644134,2.39159999999993
2,2,3.05723569170007,0.239929779018725,0.239820412372917,0.239423622394638,0.239470120471732,0.240419458408161,0.242068883758222,0.243719821811959,0.244681005426486,0.244755955857106,0.244382965885907,0.244245164558152,0.244649175650863,0.245278772340459,0.245568355247941,0.245271739774888,0.244579260316198,0,0,0,0,0,0,0,0,0,0,0,0,0,0,0,0,3.04299567,14.2383
